[debug] [2026-05-19T06:24:46.331Z] [Firebase Plugin] Activating Firebase extension.
[debug] [2026-05-19T06:25:11.020Z] [Firebase Plugin] requireAuthWrapper
[debug] [2026-05-19T06:25:11.026Z] > command requires scopes: ["email","openid","https://www.googleapis.com/auth/cloudplatformprojects.readonly","https://www.googleapis.com/auth/firebase","https://www.googleapis.com/auth/cloud-platform"]
[debug] [2026-05-19T06:25:11.027Z] > authorizing via signed-in user (meghanasingareddy@gmail.com)
[debug] [2026-05-19T06:25:11.034Z] Checked if tokens are valid: true, expires at: 1779173628368
[debug] [2026-05-19T06:25:11.035Z] Checked if tokens are valid: true, expires at: 1779173628368
[debug] [2026-05-19T06:25:11.035Z] [Firebase Plugin] User found:  meghanasingareddy@gmail.com
[info] [Firebase Plugin] (Core:Project) New user detected, fetching projects
[debug] [2026-05-19T06:25:11.038Z] Checked if tokens are valid: true, expires at: 1779173628368
[debug] [2026-05-19T06:25:11.042Z] >>> [apiv2][query] GET https://firebase.googleapis.com/v1beta1/projects pageSize=1000
[debug] [2026-05-19T06:25:11.061Z] [Firebase Plugin] VSCode notification server listening on port 40001
[info] [Firebase Plugin] Starting SQL Connect toolkit (version 3.4.6) on port 50001
[debug] [2026-05-19T06:25:12.266Z] 'fdc build' failed with error: Unable to build your SQL Connect schema and connectors (exit code 1): E0519 11:55:12.254157   21920 cmd.go:43] Error loading data connect config: could not find dataconnect.yaml in `c:\meghna\Coding\proj\RedditGapFinder\dataconnect`
 {"metadata":{"emulator":{"name":"dataconnect"},"message":"'fdc build' failed with error: Unable to build your SQL Connect schema and connectors (exit code 1): E0519 11:55:12.254157   21920 cmd.go:43] Error loading data connect config: could not find dataconnect.yaml in `c:\\meghna\\Coding\\proj\\RedditGapFinder\\dataconnect`\n"}}
[debug] [2026-05-19T06:25:12.268Z] Ignoring unsupported arg: auto_download {"metadata":{"emulator":{"name":"dataconnect"},"message":"Ignoring unsupported arg: auto_download"}}
[debug] [2026-05-19T06:25:12.268Z] Ignoring unsupported arg: port {"metadata":{"emulator":{"name":"dataconnect"},"message":"Ignoring unsupported arg: port"}}
[debug] [2026-05-19T06:25:12.269Z] Starting SQL Connect Emulator with command {"binary":"C:\\Users\\megha\\.cache\\firebase\\emulators\\dataconnect-emulator-3.4.6.exe","args":["--logtostderr","-v=2","dev","--listen=localhost:50001","--config_dir=c:\\meghna\\Coding\\proj\\RedditGapFinder\\dataconnect","--enable_output_schema_extensions=true","--enable_output_generated_sdk=true"],"optionalArgs":["listen","config_dir","enable_output_schema_extensions","enable_output_generated_sdk"],"joinArgs":true,"shell":false,"port":9399} {"metadata":{"emulator":{"name":"dataconnect"},"message":"Starting SQL Connect Emulator with command {\"binary\":\"C:\\\\Users\\\\megha\\\\.cache\\\\firebase\\\\emulators\\\\dataconnect-emulator-3.4.6.exe\",\"args\":[\"--logtostderr\",\"-v=2\",\"dev\",\"--listen=localhost:50001\",\"--config_dir=c:\\\\meghna\\\\Coding\\\\proj\\\\RedditGapFinder\\\\dataconnect\",\"--enable_output_schema_extensions=true\",\"--enable_output_generated_sdk=true\"],\"optionalArgs\":[\"listen\",\"config_dir\",\"enable_output_schema_extensions\",\"enable_output_generated_sdk\"],\"joinArgs\":true,\"shell\":false,\"port\":9399}"}}
[info] i  dataconnect: SQL Connect Emulator logging to dataconnect-debug.log {"metadata":{"emulator":{"name":"dataconnect"},"message":"SQL Connect Emulator logging to \u001b[1mdataconnect-debug.log\u001b[22m"}}
[debug] [2026-05-19T06:25:12.309Z] <<< [apiv2][status] GET https://firebase.googleapis.com/v1beta1/projects 200
[debug] [2026-05-19T06:25:12.309Z] <<< [apiv2][body] GET https://firebase.googleapis.com/v1beta1/projects [omitted]
[debug] [2026-05-19T06:25:12.338Z] E0519 11:55:12.337414    6024 dev.go:83] Failed to load initial config from "c:\\meghna\\Coding\\proj\\RedditGapFinder\\dataconnect": could not find dataconnect.yaml in `c:\meghna\Coding\proj\RedditGapFinder\dataconnect`
 {"metadata":{"emulator":{"name":"dataconnect"},"message":"E0519 11:55:12.337414    6024 dev.go:83] Failed to load initial config from \"c:\\\\meghna\\\\Coding\\\\proj\\\\RedditGapFinder\\\\dataconnect\": could not find dataconnect.yaml in `c:\\meghna\\Coding\\proj\\RedditGapFinder\\dataconnect`\n"}}
[debug] [2026-05-19T06:25:12.340Z] E0519 11:55:12.338728    6024 watch.go:116] watchAllDir unable to walk dir `c:\meghna\Coding\proj\RedditGapFinder\dataconnect`: GetFileAttributesEx c:\meghna\Coding\proj\RedditGapFinder\dataconnect: The system cannot find the file specified.
 {"metadata":{"emulator":{"name":"dataconnect"},"message":"E0519 11:55:12.338728    6024 watch.go:116] watchAllDir unable to walk dir `c:\\meghna\\Coding\\proj\\RedditGapFinder\\dataconnect`: GetFileAttributesEx c:\\meghna\\Coding\\proj\\RedditGapFinder\\dataconnect: The system cannot find the file specified.\n"}}
[debug] [2026-05-19T06:25:12.358Z] I0519 11:55:12.358715    6024 dev.go:104] Listening on address (HTTP + gRPC): 127.0.0.1:50001
 {"metadata":{"emulator":{"name":"dataconnect"},"message":"I0519 11:55:12.358715    6024 dev.go:104] Listening on address (HTTP + gRPC): 127.0.0.1:50001\n"}}
[error] [Firebase Plugin] error:  {}
[debug] [2026-05-19T06:25:22.340Z] E0519 11:55:22.340013    6024 watch.go:40] Failed to load config from "c:\\meghna\\Coding\\proj\\RedditGapFinder\\dataconnect": could not find dataconnect.yaml in `c:\meghna\Coding\proj\RedditGapFinder\dataconnect`
 {"metadata":{"emulator":{"name":"dataconnect"},"message":"E0519 11:55:22.340013    6024 watch.go:40] Failed to load config from \"c:\\\\meghna\\\\Coding\\\\proj\\\\RedditGapFinder\\\\dataconnect\": could not find dataconnect.yaml in `c:\\meghna\\Coding\\proj\\RedditGapFinder\\dataconnect`\n"}}
[debug] [2026-05-19T06:25:32.340Z] E0519 11:55:32.339622    6024 watch.go:40] Failed to load config from "c:\\meghna\\Coding\\proj\\RedditGapFinder\\dataconnect": could not find dataconnect.yaml in `c:\meghna\Coding\proj\RedditGapFinder\dataconnect`
 {"metadata":{"emulator":{"name":"dataconnect"},"message":"E0519 11:55:32.339622    6024 watch.go:40] Failed to load config from \"c:\\\\meghna\\\\Coding\\\\proj\\\\RedditGapFinder\\\\dataconnect\": could not find dataconnect.yaml in `c:\\meghna\\Coding\\proj\\RedditGapFinder\\dataconnect`\n"}}
[debug] [2026-05-19T06:25:42.340Z] E0519 11:55:42.340262    6024 watch.go:40] Failed to load config from "c:\\meghna\\Coding\\proj\\RedditGapFinder\\dataconnect": could not find dataconnect.yaml in `c:\meghna\Coding\proj\RedditGapFinder\dataconnect`
 {"metadata":{"emulator":{"name":"dataconnect"},"message":"E0519 11:55:42.340262    6024 watch.go:40] Failed to load config from \"c:\\\\meghna\\\\Coding\\\\proj\\\\RedditGapFinder\\\\dataconnect\": could not find dataconnect.yaml in `c:\\meghna\\Coding\\proj\\RedditGapFinder\\dataconnect`\n"}}
[debug] [2026-05-19T06:25:52.340Z] E0519 11:55:52.340009    6024 watch.go:40] Failed to load config from "c:\\meghna\\Coding\\proj\\RedditGapFinder\\dataconnect": could not find dataconnect.yaml in `c:\meghna\Coding\proj\RedditGapFinder\dataconnect`
 {"metadata":{"emulator":{"name":"dataconnect"},"message":"E0519 11:55:52.340009    6024 watch.go:40] Failed to load config from \"c:\\\\meghna\\\\Coding\\\\proj\\\\RedditGapFinder\\\\dataconnect\": could not find dataconnect.yaml in `c:\\meghna\\Coding\\proj\\RedditGapFinder\\dataconnect`\n"}}
[debug] [2026-05-19T06:26:02.340Z] E0519 11:56:02.340277    6024 watch.go:40] Failed to load config from "c:\\meghna\\Coding\\proj\\RedditGapFinder\\dataconnect": could not find dataconnect.yaml in `c:\meghna\Coding\proj\RedditGapFinder\dataconnect`
 {"metadata":{"emulator":{"name":"dataconnect"},"message":"E0519 11:56:02.340277    6024 watch.go:40] Failed to load config from \"c:\\\\meghna\\\\Coding\\\\proj\\\\RedditGapFinder\\\\dataconnect\": could not find dataconnect.yaml in `c:\\meghna\\Coding\\proj\\RedditGapFinder\\dataconnect`\n"}}
[debug] [2026-05-19T06:26:12.339Z] E0519 11:56:12.339617    6024 watch.go:116] watchAllDir unable to walk dir `c:\meghna\Coding\proj\RedditGapFinder\dataconnect`: GetFileAttributesEx c:\meghna\Coding\proj\RedditGapFinder\dataconnect: The system cannot find the file specified.
 {"metadata":{"emulator":{"name":"dataconnect"},"message":"E0519 11:56:12.339617    6024 watch.go:116] watchAllDir unable to walk dir `c:\\meghna\\Coding\\proj\\RedditGapFinder\\dataconnect`: GetFileAttributesEx c:\\meghna\\Coding\\proj\\RedditGapFinder\\dataconnect: The system cannot find the file specified.\n"}}
[debug] [2026-05-19T06:26:12.340Z] E0519 11:56:12.339617    6024 watch.go:40] Failed to load config from "c:\\meghna\\Coding\\proj\\RedditGapFinder\\dataconnect": could not find dataconnect.yaml in `c:\meghna\Coding\proj\RedditGapFinder\dataconnect`
 {"metadata":{"emulator":{"name":"dataconnect"},"message":"E0519 11:56:12.339617    6024 watch.go:40] Failed to load config from \"c:\\\\meghna\\\\Coding\\\\proj\\\\RedditGapFinder\\\\dataconnect\": could not find dataconnect.yaml in `c:\\meghna\\Coding\\proj\\RedditGapFinder\\dataconnect`\n"}}
[debug] [2026-05-19T06:26:22.340Z] E0519 11:56:22.340390    6024 watch.go:40] Failed to load config from "c:\\meghna\\Coding\\proj\\RedditGapFinder\\dataconnect": could not find dataconnect.yaml in `c:\meghna\Coding\proj\RedditGapFinder\dataconnect`
 {"metadata":{"emulator":{"name":"dataconnect"},"message":"E0519 11:56:22.340390    6024 watch.go:40] Failed to load config from \"c:\\\\meghna\\\\Coding\\\\proj\\\\RedditGapFinder\\\\dataconnect\": could not find dataconnect.yaml in `c:\\meghna\\Coding\\proj\\RedditGapFinder\\dataconnect`\n"}}
[debug] [2026-05-19T06:26:32.340Z] E0519 11:56:32.340329    6024 watch.go:40] Failed to load config from "c:\\meghna\\Coding\\proj\\RedditGapFinder\\dataconnect": could not find dataconnect.yaml in `c:\meghna\Coding\proj\RedditGapFinder\dataconnect`
 {"metadata":{"emulator":{"name":"dataconnect"},"message":"E0519 11:56:32.340329    6024 watch.go:40] Failed to load config from \"c:\\\\meghna\\\\Coding\\\\proj\\\\RedditGapFinder\\\\dataconnect\": could not find dataconnect.yaml in `c:\\meghna\\Coding\\proj\\RedditGapFinder\\dataconnect`\n"}}
[debug] [2026-05-19T06:26:42.341Z] E0519 11:56:42.341683    6024 watch.go:40] Failed to load config from "c:\\meghna\\Coding\\proj\\RedditGapFinder\\dataconnect": could not find dataconnect.yaml in `c:\meghna\Coding\proj\RedditGapFinder\dataconnect`
 {"metadata":{"emulator":{"name":"dataconnect"},"message":"E0519 11:56:42.341683    6024 watch.go:40] Failed to load config from \"c:\\\\meghna\\\\Coding\\\\proj\\\\RedditGapFinder\\\\dataconnect\": could not find dataconnect.yaml in `c:\\meghna\\Coding\\proj\\RedditGapFinder\\dataconnect`\n"}}
[debug] [2026-05-19T06:26:52.340Z] E0519 11:56:52.340915    6024 watch.go:40] Failed to load config from "c:\\meghna\\Coding\\proj\\RedditGapFinder\\dataconnect": could not find dataconnect.yaml in `c:\meghna\Coding\proj\RedditGapFinder\dataconnect`
 {"metadata":{"emulator":{"name":"dataconnect"},"message":"E0519 11:56:52.340915    6024 watch.go:40] Failed to load config from \"c:\\\\meghna\\\\Coding\\\\proj\\\\RedditGapFinder\\\\dataconnect\": could not find dataconnect.yaml in `c:\\meghna\\Coding\\proj\\RedditGapFinder\\dataconnect`\n"}}
[debug] [2026-05-19T06:27:02.340Z] E0519 11:57:02.340044    6024 watch.go:40] Failed to load config from "c:\\meghna\\Coding\\proj\\RedditGapFinder\\dataconnect": could not find dataconnect.yaml in `c:\meghna\Coding\proj\RedditGapFinder\dataconnect`
 {"metadata":{"emulator":{"name":"dataconnect"},"message":"E0519 11:57:02.340044    6024 watch.go:40] Failed to load config from \"c:\\\\meghna\\\\Coding\\\\proj\\\\RedditGapFinder\\\\dataconnect\": could not find dataconnect.yaml in `c:\\meghna\\Coding\\proj\\RedditGapFinder\\dataconnect`\n"}}
[debug] [2026-05-19T06:27:12.340Z] E0519 11:57:12.339684    6024 watch.go:116] watchAllDir unable to walk dir `c:\meghna\Coding\proj\RedditGapFinder\dataconnect`: GetFileAttributesEx c:\meghna\Coding\proj\RedditGapFinder\dataconnect: The system cannot find the file specified.
 {"metadata":{"emulator":{"name":"dataconnect"},"message":"E0519 11:57:12.339684    6024 watch.go:116] watchAllDir unable to walk dir `c:\\meghna\\Coding\\proj\\RedditGapFinder\\dataconnect`: GetFileAttributesEx c:\\meghna\\Coding\\proj\\RedditGapFinder\\dataconnect: The system cannot find the file specified.\n"}}
[debug] [2026-05-19T06:27:12.342Z] E0519 11:57:12.341316    6024 watch.go:40] Failed to load config from "c:\\meghna\\Coding\\proj\\RedditGapFinder\\dataconnect": could not find dataconnect.yaml in `c:\meghna\Coding\proj\RedditGapFinder\dataconnect`
 {"metadata":{"emulator":{"name":"dataconnect"},"message":"E0519 11:57:12.341316    6024 watch.go:40] Failed to load config from \"c:\\\\meghna\\\\Coding\\\\proj\\\\RedditGapFinder\\\\dataconnect\": could not find dataconnect.yaml in `c:\\meghna\\Coding\\proj\\RedditGapFinder\\dataconnect`\n"}}
[debug] [2026-05-19T06:27:22.340Z] E0519 11:57:22.339579    6024 watch.go:40] Failed to load config from "c:\\meghna\\Coding\\proj\\RedditGapFinder\\dataconnect": could not find dataconnect.yaml in `c:\meghna\Coding\proj\RedditGapFinder\dataconnect`
 {"metadata":{"emulator":{"name":"dataconnect"},"message":"E0519 11:57:22.339579    6024 watch.go:40] Failed to load config from \"c:\\\\meghna\\\\Coding\\\\proj\\\\RedditGapFinder\\\\dataconnect\": could not find dataconnect.yaml in `c:\\meghna\\Coding\\proj\\RedditGapFinder\\dataconnect`\n"}}
[debug] [2026-05-19T06:27:32.341Z] E0519 11:57:32.340786    6024 watch.go:40] Failed to load config from "c:\\meghna\\Coding\\proj\\RedditGapFinder\\dataconnect": could not find dataconnect.yaml in `c:\meghna\Coding\proj\RedditGapFinder\dataconnect`
 {"metadata":{"emulator":{"name":"dataconnect"},"message":"E0519 11:57:32.340786    6024 watch.go:40] Failed to load config from \"c:\\\\meghna\\\\Coding\\\\proj\\\\RedditGapFinder\\\\dataconnect\": could not find dataconnect.yaml in `c:\\meghna\\Coding\\proj\\RedditGapFinder\\dataconnect`\n"}}
[debug] [2026-05-19T06:27:42.341Z] E0519 11:57:42.340543    6024 watch.go:40] Failed to load config from "c:\\meghna\\Coding\\proj\\RedditGapFinder\\dataconnect": could not find dataconnect.yaml in `c:\meghna\Coding\proj\RedditGapFinder\dataconnect`
 {"metadata":{"emulator":{"name":"dataconnect"},"message":"E0519 11:57:42.340543    6024 watch.go:40] Failed to load config from \"c:\\\\meghna\\\\Coding\\\\proj\\\\RedditGapFinder\\\\dataconnect\": could not find dataconnect.yaml in `c:\\meghna\\Coding\\proj\\RedditGapFinder\\dataconnect`\n"}}
[debug] [2026-05-19T06:27:52.340Z] E0519 11:57:52.340123    6024 watch.go:40] Failed to load config from "c:\\meghna\\Coding\\proj\\RedditGapFinder\\dataconnect": could not find dataconnect.yaml in `c:\meghna\Coding\proj\RedditGapFinder\dataconnect`
 {"metadata":{"emulator":{"name":"dataconnect"},"message":"E0519 11:57:52.340123    6024 watch.go:40] Failed to load config from \"c:\\\\meghna\\\\Coding\\\\proj\\\\RedditGapFinder\\\\dataconnect\": could not find dataconnect.yaml in `c:\\meghna\\Coding\\proj\\RedditGapFinder\\dataconnect`\n"}}
[debug] [2026-05-19T06:28:02.341Z] E0519 11:58:02.340982    6024 watch.go:40] Failed to load config from "c:\\meghna\\Coding\\proj\\RedditGapFinder\\dataconnect": could not find dataconnect.yaml in `c:\meghna\Coding\proj\RedditGapFinder\dataconnect`
 {"metadata":{"emulator":{"name":"dataconnect"},"message":"E0519 11:58:02.340982    6024 watch.go:40] Failed to load config from \"c:\\\\meghna\\\\Coding\\\\proj\\\\RedditGapFinder\\\\dataconnect\": could not find dataconnect.yaml in `c:\\meghna\\Coding\\proj\\RedditGapFinder\\dataconnect`\n"}}
[debug] [2026-05-19T06:28:12.339Z] E0519 11:58:12.339657    6024 watch.go:116] watchAllDir unable to walk dir `c:\meghna\Coding\proj\RedditGapFinder\dataconnect`: GetFileAttributesEx c:\meghna\Coding\proj\RedditGapFinder\dataconnect: The system cannot find the file specified.
E0519 11:58:12.339657    6024 watch.go:40] Failed to load config from "c:\\meghna\\Coding\\proj\\RedditGapFinder\\dataconnect": could not find dataconnect.yaml in `c:\meghna\Coding\proj\RedditGapFinder\dataconnect`
 {"metadata":{"emulator":{"name":"dataconnect"},"message":"E0519 11:58:12.339657    6024 watch.go:116] watchAllDir unable to walk dir `c:\\meghna\\Coding\\proj\\RedditGapFinder\\dataconnect`: GetFileAttributesEx c:\\meghna\\Coding\\proj\\RedditGapFinder\\dataconnect: The system cannot find the file specified.\nE0519 11:58:12.339657    6024 watch.go:40] Failed to load config from \"c:\\\\meghna\\\\Coding\\\\proj\\\\RedditGapFinder\\\\dataconnect\": could not find dataconnect.yaml in `c:\\meghna\\Coding\\proj\\RedditGapFinder\\dataconnect`\n"}}
[debug] [2026-05-19T06:28:22.340Z] E0519 11:58:22.339790    6024 watch.go:40] Failed to load config from "c:\\meghna\\Coding\\proj\\RedditGapFinder\\dataconnect": could not find dataconnect.yaml in `c:\meghna\Coding\proj\RedditGapFinder\dataconnect`
 {"metadata":{"emulator":{"name":"dataconnect"},"message":"E0519 11:58:22.339790    6024 watch.go:40] Failed to load config from \"c:\\\\meghna\\\\Coding\\\\proj\\\\RedditGapFinder\\\\dataconnect\": could not find dataconnect.yaml in `c:\\meghna\\Coding\\proj\\RedditGapFinder\\dataconnect`\n"}}
[debug] [2026-05-19T06:28:32.340Z] E0519 11:58:32.340092    6024 watch.go:40] Failed to load config from "c:\\meghna\\Coding\\proj\\RedditGapFinder\\dataconnect": could not find dataconnect.yaml in `c:\meghna\Coding\proj\RedditGapFinder\dataconnect`
 {"metadata":{"emulator":{"name":"dataconnect"},"message":"E0519 11:58:32.340092    6024 watch.go:40] Failed to load config from \"c:\\\\meghna\\\\Coding\\\\proj\\\\RedditGapFinder\\\\dataconnect\": could not find dataconnect.yaml in `c:\\meghna\\Coding\\proj\\RedditGapFinder\\dataconnect`\n"}}
[debug] [2026-05-19T06:28:42.340Z] E0519 11:58:42.340003    6024 watch.go:40] Failed to load config from "c:\\meghna\\Coding\\proj\\RedditGapFinder\\dataconnect": could not find dataconnect.yaml in `c:\meghna\Coding\proj\RedditGapFinder\dataconnect`
 {"metadata":{"emulator":{"name":"dataconnect"},"message":"E0519 11:58:42.340003    6024 watch.go:40] Failed to load config from \"c:\\\\meghna\\\\Coding\\\\proj\\\\RedditGapFinder\\\\dataconnect\": could not find dataconnect.yaml in `c:\\meghna\\Coding\\proj\\RedditGapFinder\\dataconnect`\n"}}
[debug] [2026-05-19T06:28:52.340Z] E0519 11:58:52.340003    6024 watch.go:40] Failed to load config from "c:\\meghna\\Coding\\proj\\RedditGapFinder\\dataconnect": could not find dataconnect.yaml in `c:\meghna\Coding\proj\RedditGapFinder\dataconnect`
 {"metadata":{"emulator":{"name":"dataconnect"},"message":"E0519 11:58:52.340003    6024 watch.go:40] Failed to load config from \"c:\\\\meghna\\\\Coding\\\\proj\\\\RedditGapFinder\\\\dataconnect\": could not find dataconnect.yaml in `c:\\meghna\\Coding\\proj\\RedditGapFinder\\dataconnect`\n"}}
[debug] [2026-05-19T06:29:02.340Z] E0519 11:59:02.340383    6024 watch.go:40] Failed to load config from "c:\\meghna\\Coding\\proj\\RedditGapFinder\\dataconnect": could not find dataconnect.yaml in `c:\meghna\Coding\proj\RedditGapFinder\dataconnect`
 {"metadata":{"emulator":{"name":"dataconnect"},"message":"E0519 11:59:02.340383    6024 watch.go:40] Failed to load config from \"c:\\\\meghna\\\\Coding\\\\proj\\\\RedditGapFinder\\\\dataconnect\": could not find dataconnect.yaml in `c:\\meghna\\Coding\\proj\\RedditGapFinder\\dataconnect`\n"}}
[debug] [2026-05-19T06:29:12.341Z] E0519 11:59:12.340858    6024 watch.go:116] watchAllDir unable to walk dir `c:\meghna\Coding\proj\RedditGapFinder\dataconnect`: GetFileAttributesEx c:\meghna\Coding\proj\RedditGapFinder\dataconnect: The system cannot find the file specified.
 {"metadata":{"emulator":{"name":"dataconnect"},"message":"E0519 11:59:12.340858    6024 watch.go:116] watchAllDir unable to walk dir `c:\\meghna\\Coding\\proj\\RedditGapFinder\\dataconnect`: GetFileAttributesEx c:\\meghna\\Coding\\proj\\RedditGapFinder\\dataconnect: The system cannot find the file specified.\n"}}
[debug] [2026-05-19T06:29:12.344Z] E0519 11:59:12.341402    6024 watch.go:40] Failed to load config from "c:\\meghna\\Coding\\proj\\RedditGapFinder\\dataconnect": could not find dataconnect.yaml in `c:\meghna\Coding\proj\RedditGapFinder\dataconnect`
 {"metadata":{"emulator":{"name":"dataconnect"},"message":"E0519 11:59:12.341402    6024 watch.go:40] Failed to load config from \"c:\\\\meghna\\\\Coding\\\\proj\\\\RedditGapFinder\\\\dataconnect\": could not find dataconnect.yaml in `c:\\meghna\\Coding\\proj\\RedditGapFinder\\dataconnect`\n"}}
[debug] [2026-05-19T06:29:22.341Z] E0519 11:59:22.340485    6024 watch.go:40] Failed to load config from "c:\\meghna\\Coding\\proj\\RedditGapFinder\\dataconnect": could not find dataconnect.yaml in `c:\meghna\Coding\proj\RedditGapFinder\dataconnect`
 {"metadata":{"emulator":{"name":"dataconnect"},"message":"E0519 11:59:22.340485    6024 watch.go:40] Failed to load config from \"c:\\\\meghna\\\\Coding\\\\proj\\\\RedditGapFinder\\\\dataconnect\": could not find dataconnect.yaml in `c:\\meghna\\Coding\\proj\\RedditGapFinder\\dataconnect`\n"}}
[debug] [2026-05-19T06:29:32.340Z] E0519 11:59:32.340437    6024 watch.go:40] Failed to load config from "c:\\meghna\\Coding\\proj\\RedditGapFinder\\dataconnect": could not find dataconnect.yaml in `c:\meghna\Coding\proj\RedditGapFinder\dataconnect`
 {"metadata":{"emulator":{"name":"dataconnect"},"message":"E0519 11:59:32.340437    6024 watch.go:40] Failed to load config from \"c:\\\\meghna\\\\Coding\\\\proj\\\\RedditGapFinder\\\\dataconnect\": could not find dataconnect.yaml in `c:\\meghna\\Coding\\proj\\RedditGapFinder\\dataconnect`\n"}}
[debug] [2026-05-19T06:29:42.340Z] E0519 11:59:42.339987    6024 watch.go:40] Failed to load config from "c:\\meghna\\Coding\\proj\\RedditGapFinder\\dataconnect": could not find dataconnect.yaml in `c:\meghna\Coding\proj\RedditGapFinder\dataconnect`
 {"metadata":{"emulator":{"name":"dataconnect"},"message":"E0519 11:59:42.339987    6024 watch.go:40] Failed to load config from \"c:\\\\meghna\\\\Coding\\\\proj\\\\RedditGapFinder\\\\dataconnect\": could not find dataconnect.yaml in `c:\\meghna\\Coding\\proj\\RedditGapFinder\\dataconnect`\n"}}
[debug] [2026-05-19T06:29:52.339Z] E0519 11:59:52.339817    6024 watch.go:40] Failed to load config from "c:\\meghna\\Coding\\proj\\RedditGapFinder\\dataconnect": could not find dataconnect.yaml in `c:\meghna\Coding\proj\RedditGapFinder\dataconnect`
 {"metadata":{"emulator":{"name":"dataconnect"},"message":"E0519 11:59:52.339817    6024 watch.go:40] Failed to load config from \"c:\\\\meghna\\\\Coding\\\\proj\\\\RedditGapFinder\\\\dataconnect\": could not find dataconnect.yaml in `c:\\meghna\\Coding\\proj\\RedditGapFinder\\dataconnect`\n"}}
[debug] [2026-05-19T06:30:02.340Z] E0519 12:00:02.340341    6024 watch.go:40] Failed to load config from "c:\\meghna\\Coding\\proj\\RedditGapFinder\\dataconnect": could not find dataconnect.yaml in `c:\meghna\Coding\proj\RedditGapFinder\dataconnect`
 {"metadata":{"emulator":{"name":"dataconnect"},"message":"E0519 12:00:02.340341    6024 watch.go:40] Failed to load config from \"c:\\\\meghna\\\\Coding\\\\proj\\\\RedditGapFinder\\\\dataconnect\": could not find dataconnect.yaml in `c:\\meghna\\Coding\\proj\\RedditGapFinder\\dataconnect`\n"}}
[debug] [2026-05-19T06:30:12.339Z] E0519 12:00:12.340173    6024 watch.go:116] watchAllDir unable to walk dir `c:\meghna\Coding\proj\RedditGapFinder\dataconnect`: GetFileAttributesEx c:\meghna\Coding\proj\RedditGapFinder\dataconnect: The system cannot find the file specified.
E0519 12:00:12.340173    6024 watch.go:40] Failed to load config from "c:\\meghna\\Coding\\proj\\RedditGapFinder\\dataconnect": could not find dataconnect.yaml in `c:\meghna\Coding\proj\RedditGapFinder\dataconnect`
 {"metadata":{"emulator":{"name":"dataconnect"},"message":"E0519 12:00:12.340173    6024 watch.go:116] watchAllDir unable to walk dir `c:\\meghna\\Coding\\proj\\RedditGapFinder\\dataconnect`: GetFileAttributesEx c:\\meghna\\Coding\\proj\\RedditGapFinder\\dataconnect: The system cannot find the file specified.\nE0519 12:00:12.340173    6024 watch.go:40] Failed to load config from \"c:\\\\meghna\\\\Coding\\\\proj\\\\RedditGapFinder\\\\dataconnect\": could not find dataconnect.yaml in `c:\\meghna\\Coding\\proj\\RedditGapFinder\\dataconnect`\n"}}
[debug] [2026-05-19T06:30:22.339Z] E0519 12:00:22.340147    6024 watch.go:40] Failed to load config from "c:\\meghna\\Coding\\proj\\RedditGapFinder\\dataconnect": could not find dataconnect.yaml in `c:\meghna\Coding\proj\RedditGapFinder\dataconnect`
 {"metadata":{"emulator":{"name":"dataconnect"},"message":"E0519 12:00:22.340147    6024 watch.go:40] Failed to load config from \"c:\\\\meghna\\\\Coding\\\\proj\\\\RedditGapFinder\\\\dataconnect\": could not find dataconnect.yaml in `c:\\meghna\\Coding\\proj\\RedditGapFinder\\dataconnect`\n"}}
[debug] [2026-05-19T06:30:32.351Z] E0519 12:00:32.351112    6024 watch.go:40] Failed to load config from "c:\\meghna\\Coding\\proj\\RedditGapFinder\\dataconnect": could not find dataconnect.yaml in `c:\meghna\Coding\proj\RedditGapFinder\dataconnect`
 {"metadata":{"emulator":{"name":"dataconnect"},"message":"E0519 12:00:32.351112    6024 watch.go:40] Failed to load config from \"c:\\\\meghna\\\\Coding\\\\proj\\\\RedditGapFinder\\\\dataconnect\": could not find dataconnect.yaml in `c:\\meghna\\Coding\\proj\\RedditGapFinder\\dataconnect`\n"}}
[debug] [2026-05-19T06:30:42.340Z] E0519 12:00:42.339473    6024 watch.go:40] Failed to load config from "c:\\meghna\\Coding\\proj\\RedditGapFinder\\dataconnect": could not find dataconnect.yaml in `c:\meghna\Coding\proj\RedditGapFinder\dataconnect`
 {"metadata":{"emulator":{"name":"dataconnect"},"message":"E0519 12:00:42.339473    6024 watch.go:40] Failed to load config from \"c:\\\\meghna\\\\Coding\\\\proj\\\\RedditGapFinder\\\\dataconnect\": could not find dataconnect.yaml in `c:\\meghna\\Coding\\proj\\RedditGapFinder\\dataconnect`\n"}}
[debug] [2026-05-19T06:30:52.371Z] E0519 12:00:52.345391    6024 watch.go:40] Failed to load config from "c:\\meghna\\Coding\\proj\\RedditGapFinder\\dataconnect": could not find dataconnect.yaml in `c:\meghna\Coding\proj\RedditGapFinder\dataconnect`
 {"metadata":{"emulator":{"name":"dataconnect"},"message":"E0519 12:00:52.345391    6024 watch.go:40] Failed to load config from \"c:\\\\meghna\\\\Coding\\\\proj\\\\RedditGapFinder\\\\dataconnect\": could not find dataconnect.yaml in `c:\\meghna\\Coding\\proj\\RedditGapFinder\\dataconnect`\n"}}
[debug] [2026-05-19T06:31:02.343Z] E0519 12:01:02.342501    6024 watch.go:40] Failed to load config from "c:\\meghna\\Coding\\proj\\RedditGapFinder\\dataconnect": could not find dataconnect.yaml in `c:\meghna\Coding\proj\RedditGapFinder\dataconnect`
 {"metadata":{"emulator":{"name":"dataconnect"},"message":"E0519 12:01:02.342501    6024 watch.go:40] Failed to load config from \"c:\\\\meghna\\\\Coding\\\\proj\\\\RedditGapFinder\\\\dataconnect\": could not find dataconnect.yaml in `c:\\meghna\\Coding\\proj\\RedditGapFinder\\dataconnect`\n"}}
[debug] [2026-05-19T06:31:12.795Z] E0519 12:01:12.705627    6024 watch.go:116] watchAllDir unable to walk dir `c:\meghna\Coding\proj\RedditGapFinder\dataconnect`: GetFileAttributesEx c:\meghna\Coding\proj\RedditGapFinder\dataconnect: The system cannot find the file specified.
 {"metadata":{"emulator":{"name":"dataconnect"},"message":"E0519 12:01:12.705627    6024 watch.go:116] watchAllDir unable to walk dir `c:\\meghna\\Coding\\proj\\RedditGapFinder\\dataconnect`: GetFileAttributesEx c:\\meghna\\Coding\\proj\\RedditGapFinder\\dataconnect: The system cannot find the file specified.\n"}}
[debug] [2026-05-19T06:31:12.821Z] E0519 12:01:12.705627    6024 watch.go:40] Failed to load config from "c:\\meghna\\Coding\\proj\\RedditGapFinder\\dataconnect": could not find dataconnect.yaml in `c:\meghna\Coding\proj\RedditGapFinder\dataconnect`
 {"metadata":{"emulator":{"name":"dataconnect"},"message":"E0519 12:01:12.705627    6024 watch.go:40] Failed to load config from \"c:\\\\meghna\\\\Coding\\\\proj\\\\RedditGapFinder\\\\dataconnect\": could not find dataconnect.yaml in `c:\\meghna\\Coding\\proj\\RedditGapFinder\\dataconnect`\n"}}
[debug] [2026-05-19T06:31:22.341Z] E0519 12:01:22.340179    6024 watch.go:40] Failed to load config from "c:\\meghna\\Coding\\proj\\RedditGapFinder\\dataconnect": could not find dataconnect.yaml in `c:\meghna\Coding\proj\RedditGapFinder\dataconnect`
 {"metadata":{"emulator":{"name":"dataconnect"},"message":"E0519 12:01:22.340179    6024 watch.go:40] Failed to load config from \"c:\\\\meghna\\\\Coding\\\\proj\\\\RedditGapFinder\\\\dataconnect\": could not find dataconnect.yaml in `c:\\meghna\\Coding\\proj\\RedditGapFinder\\dataconnect`\n"}}
[debug] [2026-05-19T06:31:32.407Z] E0519 12:01:32.402126    6024 watch.go:40] Failed to load config from "c:\\meghna\\Coding\\proj\\RedditGapFinder\\dataconnect": could not find dataconnect.yaml in `c:\meghna\Coding\proj\RedditGapFinder\dataconnect`
 {"metadata":{"emulator":{"name":"dataconnect"},"message":"E0519 12:01:32.402126    6024 watch.go:40] Failed to load config from \"c:\\\\meghna\\\\Coding\\\\proj\\\\RedditGapFinder\\\\dataconnect\": could not find dataconnect.yaml in `c:\\meghna\\Coding\\proj\\RedditGapFinder\\dataconnect`\n"}}
[debug] [2026-05-19T06:31:42.344Z] E0519 12:01:42.343562    6024 watch.go:40] Failed to load config from "c:\\meghna\\Coding\\proj\\RedditGapFinder\\dataconnect": could not find dataconnect.yaml in `c:\meghna\Coding\proj\RedditGapFinder\dataconnect`
 {"metadata":{"emulator":{"name":"dataconnect"},"message":"E0519 12:01:42.343562    6024 watch.go:40] Failed to load config from \"c:\\\\meghna\\\\Coding\\\\proj\\\\RedditGapFinder\\\\dataconnect\": could not find dataconnect.yaml in `c:\\meghna\\Coding\\proj\\RedditGapFinder\\dataconnect`\n"}}
[debug] [2026-05-19T06:31:52.380Z] E0519 12:01:52.379024    6024 watch.go:40] Failed to load config from "c:\\meghna\\Coding\\proj\\RedditGapFinder\\dataconnect": could not find dataconnect.yaml in `c:\meghna\Coding\proj\RedditGapFinder\dataconnect`
 {"metadata":{"emulator":{"name":"dataconnect"},"message":"E0519 12:01:52.379024    6024 watch.go:40] Failed to load config from \"c:\\\\meghna\\\\Coding\\\\proj\\\\RedditGapFinder\\\\dataconnect\": could not find dataconnect.yaml in `c:\\meghna\\Coding\\proj\\RedditGapFinder\\dataconnect`\n"}}
[debug] [2026-05-19T06:32:02.341Z] E0519 12:02:02.341172    6024 watch.go:40] Failed to load config from "c:\\meghna\\Coding\\proj\\RedditGapFinder\\dataconnect": could not find dataconnect.yaml in `c:\meghna\Coding\proj\RedditGapFinder\dataconnect`
 {"metadata":{"emulator":{"name":"dataconnect"},"message":"E0519 12:02:02.341172    6024 watch.go:40] Failed to load config from \"c:\\\\meghna\\\\Coding\\\\proj\\\\RedditGapFinder\\\\dataconnect\": could not find dataconnect.yaml in `c:\\meghna\\Coding\\proj\\RedditGapFinder\\dataconnect`\n"}}
[debug] [2026-05-19T06:32:12.340Z] E0519 12:02:12.339859    6024 watch.go:116] watchAllDir unable to walk dir `c:\meghna\Coding\proj\RedditGapFinder\dataconnect`: GetFileAttributesEx c:\meghna\Coding\proj\RedditGapFinder\dataconnect: The system cannot find the file specified.
E0519 12:02:12.339859    6024 watch.go:40] Failed to load config from "c:\\meghna\\Coding\\proj\\RedditGapFinder\\dataconnect": could not find dataconnect.yaml in `c:\meghna\Coding\proj\RedditGapFinder\dataconnect`
 {"metadata":{"emulator":{"name":"dataconnect"},"message":"E0519 12:02:12.339859    6024 watch.go:116] watchAllDir unable to walk dir `c:\\meghna\\Coding\\proj\\RedditGapFinder\\dataconnect`: GetFileAttributesEx c:\\meghna\\Coding\\proj\\RedditGapFinder\\dataconnect: The system cannot find the file specified.\nE0519 12:02:12.339859    6024 watch.go:40] Failed to load config from \"c:\\\\meghna\\\\Coding\\\\proj\\\\RedditGapFinder\\\\dataconnect\": could not find dataconnect.yaml in `c:\\meghna\\Coding\\proj\\RedditGapFinder\\dataconnect`\n"}}
[debug] [2026-05-19T06:32:22.340Z] E0519 12:02:22.340510    6024 watch.go:40] Failed to load config from "c:\\meghna\\Coding\\proj\\RedditGapFinder\\dataconnect": could not find dataconnect.yaml in `c:\meghna\Coding\proj\RedditGapFinder\dataconnect`
 {"metadata":{"emulator":{"name":"dataconnect"},"message":"E0519 12:02:22.340510    6024 watch.go:40] Failed to load config from \"c:\\\\meghna\\\\Coding\\\\proj\\\\RedditGapFinder\\\\dataconnect\": could not find dataconnect.yaml in `c:\\meghna\\Coding\\proj\\RedditGapFinder\\dataconnect`\n"}}
[debug] [2026-05-19T06:32:32.340Z] E0519 12:02:32.339836    6024 watch.go:40] Failed to load config from "c:\\meghna\\Coding\\proj\\RedditGapFinder\\dataconnect": could not find dataconnect.yaml in `c:\meghna\Coding\proj\RedditGapFinder\dataconnect`
 {"metadata":{"emulator":{"name":"dataconnect"},"message":"E0519 12:02:32.339836    6024 watch.go:40] Failed to load config from \"c:\\\\meghna\\\\Coding\\\\proj\\\\RedditGapFinder\\\\dataconnect\": could not find dataconnect.yaml in `c:\\meghna\\Coding\\proj\\RedditGapFinder\\dataconnect`\n"}}
[debug] [2026-05-19T06:32:42.340Z] E0519 12:02:42.339811    6024 watch.go:40] Failed to load config from "c:\\meghna\\Coding\\proj\\RedditGapFinder\\dataconnect": could not find dataconnect.yaml in `c:\meghna\Coding\proj\RedditGapFinder\dataconnect`
 {"metadata":{"emulator":{"name":"dataconnect"},"message":"E0519 12:02:42.339811    6024 watch.go:40] Failed to load config from \"c:\\\\meghna\\\\Coding\\\\proj\\\\RedditGapFinder\\\\dataconnect\": could not find dataconnect.yaml in `c:\\meghna\\Coding\\proj\\RedditGapFinder\\dataconnect`\n"}}
[debug] [2026-05-19T06:32:52.340Z] E0519 12:02:52.339686    6024 watch.go:40] Failed to load config from "c:\\meghna\\Coding\\proj\\RedditGapFinder\\dataconnect": could not find dataconnect.yaml in `c:\meghna\Coding\proj\RedditGapFinder\dataconnect`
 {"metadata":{"emulator":{"name":"dataconnect"},"message":"E0519 12:02:52.339686    6024 watch.go:40] Failed to load config from \"c:\\\\meghna\\\\Coding\\\\proj\\\\RedditGapFinder\\\\dataconnect\": could not find dataconnect.yaml in `c:\\meghna\\Coding\\proj\\RedditGapFinder\\dataconnect`\n"}}
[debug] [2026-05-19T06:33:02.340Z] E0519 12:03:02.340356    6024 watch.go:40] Failed to load config from "c:\\meghna\\Coding\\proj\\RedditGapFinder\\dataconnect": could not find dataconnect.yaml in `c:\meghna\Coding\proj\RedditGapFinder\dataconnect`
 {"metadata":{"emulator":{"name":"dataconnect"},"message":"E0519 12:03:02.340356    6024 watch.go:40] Failed to load config from \"c:\\\\meghna\\\\Coding\\\\proj\\\\RedditGapFinder\\\\dataconnect\": could not find dataconnect.yaml in `c:\\meghna\\Coding\\proj\\RedditGapFinder\\dataconnect`\n"}}
[debug] [2026-05-19T06:33:12.340Z] E0519 12:03:12.339935    6024 watch.go:116] watchAllDir unable to walk dir `c:\meghna\Coding\proj\RedditGapFinder\dataconnect`: GetFileAttributesEx c:\meghna\Coding\proj\RedditGapFinder\dataconnect: The system cannot find the file specified.
E0519 12:03:12.339935    6024 watch.go:40] Failed to load config from "c:\\meghna\\Coding\\proj\\RedditGapFinder\\dataconnect": could not find dataconnect.yaml in `c:\meghna\Coding\proj\RedditGapFinder\dataconnect`
 {"metadata":{"emulator":{"name":"dataconnect"},"message":"E0519 12:03:12.339935    6024 watch.go:116] watchAllDir unable to walk dir `c:\\meghna\\Coding\\proj\\RedditGapFinder\\dataconnect`: GetFileAttributesEx c:\\meghna\\Coding\\proj\\RedditGapFinder\\dataconnect: The system cannot find the file specified.\nE0519 12:03:12.339935    6024 watch.go:40] Failed to load config from \"c:\\\\meghna\\\\Coding\\\\proj\\\\RedditGapFinder\\\\dataconnect\": could not find dataconnect.yaml in `c:\\meghna\\Coding\\proj\\RedditGapFinder\\dataconnect`\n"}}
[debug] [2026-05-19T06:33:22.340Z] E0519 12:03:22.339723    6024 watch.go:40] Failed to load config from "c:\\meghna\\Coding\\proj\\RedditGapFinder\\dataconnect": could not find dataconnect.yaml in `c:\meghna\Coding\proj\RedditGapFinder\dataconnect`
 {"metadata":{"emulator":{"name":"dataconnect"},"message":"E0519 12:03:22.339723    6024 watch.go:40] Failed to load config from \"c:\\\\meghna\\\\Coding\\\\proj\\\\RedditGapFinder\\\\dataconnect\": could not find dataconnect.yaml in `c:\\meghna\\Coding\\proj\\RedditGapFinder\\dataconnect`\n"}}
[debug] [2026-05-19T06:33:32.340Z] E0519 12:03:32.339806    6024 watch.go:40] Failed to load config from "c:\\meghna\\Coding\\proj\\RedditGapFinder\\dataconnect": could not find dataconnect.yaml in `c:\meghna\Coding\proj\RedditGapFinder\dataconnect`
 {"metadata":{"emulator":{"name":"dataconnect"},"message":"E0519 12:03:32.339806    6024 watch.go:40] Failed to load config from \"c:\\\\meghna\\\\Coding\\\\proj\\\\RedditGapFinder\\\\dataconnect\": could not find dataconnect.yaml in `c:\\meghna\\Coding\\proj\\RedditGapFinder\\dataconnect`\n"}}
[debug] [2026-05-19T06:33:42.339Z] E0519 12:03:42.339722    6024 watch.go:40] Failed to load config from "c:\\meghna\\Coding\\proj\\RedditGapFinder\\dataconnect": could not find dataconnect.yaml in `c:\meghna\Coding\proj\RedditGapFinder\dataconnect`
 {"metadata":{"emulator":{"name":"dataconnect"},"message":"E0519 12:03:42.339722    6024 watch.go:40] Failed to load config from \"c:\\\\meghna\\\\Coding\\\\proj\\\\RedditGapFinder\\\\dataconnect\": could not find dataconnect.yaml in `c:\\meghna\\Coding\\proj\\RedditGapFinder\\dataconnect`\n"}}
[debug] [2026-05-19T06:33:52.339Z] E0519 12:03:52.339849    6024 watch.go:40] Failed to load config from "c:\\meghna\\Coding\\proj\\RedditGapFinder\\dataconnect": could not find dataconnect.yaml in `c:\meghna\Coding\proj\RedditGapFinder\dataconnect`
 {"metadata":{"emulator":{"name":"dataconnect"},"message":"E0519 12:03:52.339849    6024 watch.go:40] Failed to load config from \"c:\\\\meghna\\\\Coding\\\\proj\\\\RedditGapFinder\\\\dataconnect\": could not find dataconnect.yaml in `c:\\meghna\\Coding\\proj\\RedditGapFinder\\dataconnect`\n"}}
[debug] [2026-05-19T06:34:02.339Z] E0519 12:04:02.339468    6024 watch.go:40] Failed to load config from "c:\\meghna\\Coding\\proj\\RedditGapFinder\\dataconnect": could not find dataconnect.yaml in `c:\meghna\Coding\proj\RedditGapFinder\dataconnect`
 {"metadata":{"emulator":{"name":"dataconnect"},"message":"E0519 12:04:02.339468    6024 watch.go:40] Failed to load config from \"c:\\\\meghna\\\\Coding\\\\proj\\\\RedditGapFinder\\\\dataconnect\": could not find dataconnect.yaml in `c:\\meghna\\Coding\\proj\\RedditGapFinder\\dataconnect`\n"}}
[debug] [2026-05-19T06:34:12.340Z] E0519 12:04:12.339497    6024 watch.go:116] watchAllDir unable to walk dir `c:\meghna\Coding\proj\RedditGapFinder\dataconnect`: GetFileAttributesEx c:\meghna\Coding\proj\RedditGapFinder\dataconnect: The system cannot find the file specified.
E0519 12:04:12.339497    6024 watch.go:40] Failed to load config from "c:\\meghna\\Coding\\proj\\RedditGapFinder\\dataconnect": could not find dataconnect.yaml in `c:\meghna\Coding\proj\RedditGapFinder\dataconnect`
 {"metadata":{"emulator":{"name":"dataconnect"},"message":"E0519 12:04:12.339497    6024 watch.go:116] watchAllDir unable to walk dir `c:\\meghna\\Coding\\proj\\RedditGapFinder\\dataconnect`: GetFileAttributesEx c:\\meghna\\Coding\\proj\\RedditGapFinder\\dataconnect: The system cannot find the file specified.\nE0519 12:04:12.339497    6024 watch.go:40] Failed to load config from \"c:\\\\meghna\\\\Coding\\\\proj\\\\RedditGapFinder\\\\dataconnect\": could not find dataconnect.yaml in `c:\\meghna\\Coding\\proj\\RedditGapFinder\\dataconnect`\n"}}
[debug] [2026-05-19T06:34:22.342Z] E0519 12:04:22.341771    6024 watch.go:40] Failed to load config from "c:\\meghna\\Coding\\proj\\RedditGapFinder\\dataconnect": could not find dataconnect.yaml in `c:\meghna\Coding\proj\RedditGapFinder\dataconnect`
 {"metadata":{"emulator":{"name":"dataconnect"},"message":"E0519 12:04:22.341771    6024 watch.go:40] Failed to load config from \"c:\\\\meghna\\\\Coding\\\\proj\\\\RedditGapFinder\\\\dataconnect\": could not find dataconnect.yaml in `c:\\meghna\\Coding\\proj\\RedditGapFinder\\dataconnect`\n"}}
[debug] [2026-05-19T06:34:32.342Z] E0519 12:04:32.342054    6024 watch.go:40] Failed to load config from "c:\\meghna\\Coding\\proj\\RedditGapFinder\\dataconnect": could not find dataconnect.yaml in `c:\meghna\Coding\proj\RedditGapFinder\dataconnect`
 {"metadata":{"emulator":{"name":"dataconnect"},"message":"E0519 12:04:32.342054    6024 watch.go:40] Failed to load config from \"c:\\\\meghna\\\\Coding\\\\proj\\\\RedditGapFinder\\\\dataconnect\": could not find dataconnect.yaml in `c:\\meghna\\Coding\\proj\\RedditGapFinder\\dataconnect`\n"}}
[debug] [2026-05-19T06:34:42.342Z] E0519 12:04:42.340739    6024 watch.go:40] Failed to load config from "c:\\meghna\\Coding\\proj\\RedditGapFinder\\dataconnect": could not find dataconnect.yaml in `c:\meghna\Coding\proj\RedditGapFinder\dataconnect`
 {"metadata":{"emulator":{"name":"dataconnect"},"message":"E0519 12:04:42.340739    6024 watch.go:40] Failed to load config from \"c:\\\\meghna\\\\Coding\\\\proj\\\\RedditGapFinder\\\\dataconnect\": could not find dataconnect.yaml in `c:\\meghna\\Coding\\proj\\RedditGapFinder\\dataconnect`\n"}}
[debug] [2026-05-19T06:34:52.348Z] E0519 12:04:52.346302    6024 watch.go:40] Failed to load config from "c:\\meghna\\Coding\\proj\\RedditGapFinder\\dataconnect": could not find dataconnect.yaml in `c:\meghna\Coding\proj\RedditGapFinder\dataconnect`
 {"metadata":{"emulator":{"name":"dataconnect"},"message":"E0519 12:04:52.346302    6024 watch.go:40] Failed to load config from \"c:\\\\meghna\\\\Coding\\\\proj\\\\RedditGapFinder\\\\dataconnect\": could not find dataconnect.yaml in `c:\\meghna\\Coding\\proj\\RedditGapFinder\\dataconnect`\n"}}
[debug] [2026-05-19T06:35:02.340Z] E0519 12:05:02.339771    6024 watch.go:40] Failed to load config from "c:\\meghna\\Coding\\proj\\RedditGapFinder\\dataconnect": could not find dataconnect.yaml in `c:\meghna\Coding\proj\RedditGapFinder\dataconnect`
 {"metadata":{"emulator":{"name":"dataconnect"},"message":"E0519 12:05:02.339771    6024 watch.go:40] Failed to load config from \"c:\\\\meghna\\\\Coding\\\\proj\\\\RedditGapFinder\\\\dataconnect\": could not find dataconnect.yaml in `c:\\meghna\\Coding\\proj\\RedditGapFinder\\dataconnect`\n"}}
[debug] [2026-05-19T06:35:12.342Z] E0519 12:05:12.341654    6024 watch.go:116] watchAllDir unable to walk dir `c:\meghna\Coding\proj\RedditGapFinder\dataconnect`: GetFileAttributesEx c:\meghna\Coding\proj\RedditGapFinder\dataconnect: The system cannot find the file specified.
 {"metadata":{"emulator":{"name":"dataconnect"},"message":"E0519 12:05:12.341654    6024 watch.go:116] watchAllDir unable to walk dir `c:\\meghna\\Coding\\proj\\RedditGapFinder\\dataconnect`: GetFileAttributesEx c:\\meghna\\Coding\\proj\\RedditGapFinder\\dataconnect: The system cannot find the file specified.\n"}}
[debug] [2026-05-19T06:35:12.343Z] E0519 12:05:12.341654    6024 watch.go:40] Failed to load config from "c:\\meghna\\Coding\\proj\\RedditGapFinder\\dataconnect": could not find dataconnect.yaml in `c:\meghna\Coding\proj\RedditGapFinder\dataconnect`
 {"metadata":{"emulator":{"name":"dataconnect"},"message":"E0519 12:05:12.341654    6024 watch.go:40] Failed to load config from \"c:\\\\meghna\\\\Coding\\\\proj\\\\RedditGapFinder\\\\dataconnect\": could not find dataconnect.yaml in `c:\\meghna\\Coding\\proj\\RedditGapFinder\\dataconnect`\n"}}
[debug] [2026-05-19T06:35:22.342Z] E0519 12:05:22.341099    6024 watch.go:40] Failed to load config from "c:\\meghna\\Coding\\proj\\RedditGapFinder\\dataconnect": could not find dataconnect.yaml in `c:\meghna\Coding\proj\RedditGapFinder\dataconnect`
 {"metadata":{"emulator":{"name":"dataconnect"},"message":"E0519 12:05:22.341099    6024 watch.go:40] Failed to load config from \"c:\\\\meghna\\\\Coding\\\\proj\\\\RedditGapFinder\\\\dataconnect\": could not find dataconnect.yaml in `c:\\meghna\\Coding\\proj\\RedditGapFinder\\dataconnect`\n"}}
[debug] [2026-05-19T06:35:32.340Z] E0519 12:05:32.340027    6024 watch.go:40] Failed to load config from "c:\\meghna\\Coding\\proj\\RedditGapFinder\\dataconnect": could not find dataconnect.yaml in `c:\meghna\Coding\proj\RedditGapFinder\dataconnect`
 {"metadata":{"emulator":{"name":"dataconnect"},"message":"E0519 12:05:32.340027    6024 watch.go:40] Failed to load config from \"c:\\\\meghna\\\\Coding\\\\proj\\\\RedditGapFinder\\\\dataconnect\": could not find dataconnect.yaml in `c:\\meghna\\Coding\\proj\\RedditGapFinder\\dataconnect`\n"}}
[debug] [2026-05-19T06:35:42.343Z] E0519 12:05:42.342495    6024 watch.go:40] Failed to load config from "c:\\meghna\\Coding\\proj\\RedditGapFinder\\dataconnect": could not find dataconnect.yaml in `c:\meghna\Coding\proj\RedditGapFinder\dataconnect`
 {"metadata":{"emulator":{"name":"dataconnect"},"message":"E0519 12:05:42.342495    6024 watch.go:40] Failed to load config from \"c:\\\\meghna\\\\Coding\\\\proj\\\\RedditGapFinder\\\\dataconnect\": could not find dataconnect.yaml in `c:\\meghna\\Coding\\proj\\RedditGapFinder\\dataconnect`\n"}}
[debug] [2026-05-19T06:35:52.346Z] E0519 12:05:52.345387    6024 watch.go:40] Failed to load config from "c:\\meghna\\Coding\\proj\\RedditGapFinder\\dataconnect": could not find dataconnect.yaml in `c:\meghna\Coding\proj\RedditGapFinder\dataconnect`
 {"metadata":{"emulator":{"name":"dataconnect"},"message":"E0519 12:05:52.345387    6024 watch.go:40] Failed to load config from \"c:\\\\meghna\\\\Coding\\\\proj\\\\RedditGapFinder\\\\dataconnect\": could not find dataconnect.yaml in `c:\\meghna\\Coding\\proj\\RedditGapFinder\\dataconnect`\n"}}
[debug] [2026-05-19T06:36:02.373Z] E0519 12:06:02.373420    6024 watch.go:40] Failed to load config from "c:\\meghna\\Coding\\proj\\RedditGapFinder\\dataconnect": could not find dataconnect.yaml in `c:\meghna\Coding\proj\RedditGapFinder\dataconnect`
 {"metadata":{"emulator":{"name":"dataconnect"},"message":"E0519 12:06:02.373420    6024 watch.go:40] Failed to load config from \"c:\\\\meghna\\\\Coding\\\\proj\\\\RedditGapFinder\\\\dataconnect\": could not find dataconnect.yaml in `c:\\meghna\\Coding\\proj\\RedditGapFinder\\dataconnect`\n"}}
[debug] [2026-05-19T06:36:12.342Z] E0519 12:06:12.342801    6024 watch.go:116] watchAllDir unable to walk dir `c:\meghna\Coding\proj\RedditGapFinder\dataconnect`: GetFileAttributesEx c:\meghna\Coding\proj\RedditGapFinder\dataconnect: The system cannot find the file specified.
 {"metadata":{"emulator":{"name":"dataconnect"},"message":"E0519 12:06:12.342801    6024 watch.go:116] watchAllDir unable to walk dir `c:\\meghna\\Coding\\proj\\RedditGapFinder\\dataconnect`: GetFileAttributesEx c:\\meghna\\Coding\\proj\\RedditGapFinder\\dataconnect: The system cannot find the file specified.\n"}}
[debug] [2026-05-19T06:36:12.344Z] E0519 12:06:12.344302    6024 watch.go:40] Failed to load config from "c:\\meghna\\Coding\\proj\\RedditGapFinder\\dataconnect": could not find dataconnect.yaml in `c:\meghna\Coding\proj\RedditGapFinder\dataconnect`
 {"metadata":{"emulator":{"name":"dataconnect"},"message":"E0519 12:06:12.344302    6024 watch.go:40] Failed to load config from \"c:\\\\meghna\\\\Coding\\\\proj\\\\RedditGapFinder\\\\dataconnect\": could not find dataconnect.yaml in `c:\\meghna\\Coding\\proj\\RedditGapFinder\\dataconnect`\n"}}
[debug] [2026-05-19T06:36:22.354Z] E0519 12:06:22.353189    6024 watch.go:40] Failed to load config from "c:\\meghna\\Coding\\proj\\RedditGapFinder\\dataconnect": could not find dataconnect.yaml in `c:\meghna\Coding\proj\RedditGapFinder\dataconnect`
 {"metadata":{"emulator":{"name":"dataconnect"},"message":"E0519 12:06:22.353189    6024 watch.go:40] Failed to load config from \"c:\\\\meghna\\\\Coding\\\\proj\\\\RedditGapFinder\\\\dataconnect\": could not find dataconnect.yaml in `c:\\meghna\\Coding\\proj\\RedditGapFinder\\dataconnect`\n"}}
[debug] [2026-05-19T06:36:32.341Z] E0519 12:06:32.340197    6024 watch.go:40] Failed to load config from "c:\\meghna\\Coding\\proj\\RedditGapFinder\\dataconnect": could not find dataconnect.yaml in `c:\meghna\Coding\proj\RedditGapFinder\dataconnect`
 {"metadata":{"emulator":{"name":"dataconnect"},"message":"E0519 12:06:32.340197    6024 watch.go:40] Failed to load config from \"c:\\\\meghna\\\\Coding\\\\proj\\\\RedditGapFinder\\\\dataconnect\": could not find dataconnect.yaml in `c:\\meghna\\Coding\\proj\\RedditGapFinder\\dataconnect`\n"}}
[debug] [2026-05-19T06:36:42.349Z] E0519 12:06:42.348780    6024 watch.go:40] Failed to load config from "c:\\meghna\\Coding\\proj\\RedditGapFinder\\dataconnect": could not find dataconnect.yaml in `c:\meghna\Coding\proj\RedditGapFinder\dataconnect`
 {"metadata":{"emulator":{"name":"dataconnect"},"message":"E0519 12:06:42.348780    6024 watch.go:40] Failed to load config from \"c:\\\\meghna\\\\Coding\\\\proj\\\\RedditGapFinder\\\\dataconnect\": could not find dataconnect.yaml in `c:\\meghna\\Coding\\proj\\RedditGapFinder\\dataconnect`\n"}}
[debug] [2026-05-19T06:36:52.359Z] E0519 12:06:52.358624    6024 watch.go:40] Failed to load config from "c:\\meghna\\Coding\\proj\\RedditGapFinder\\dataconnect": could not find dataconnect.yaml in `c:\meghna\Coding\proj\RedditGapFinder\dataconnect`
 {"metadata":{"emulator":{"name":"dataconnect"},"message":"E0519 12:06:52.358624    6024 watch.go:40] Failed to load config from \"c:\\\\meghna\\\\Coding\\\\proj\\\\RedditGapFinder\\\\dataconnect\": could not find dataconnect.yaml in `c:\\meghna\\Coding\\proj\\RedditGapFinder\\dataconnect`\n"}}
[debug] [2026-05-19T06:37:02.350Z] E0519 12:07:02.350283    6024 watch.go:40] Failed to load config from "c:\\meghna\\Coding\\proj\\RedditGapFinder\\dataconnect": could not find dataconnect.yaml in `c:\meghna\Coding\proj\RedditGapFinder\dataconnect`
 {"metadata":{"emulator":{"name":"dataconnect"},"message":"E0519 12:07:02.350283    6024 watch.go:40] Failed to load config from \"c:\\\\meghna\\\\Coding\\\\proj\\\\RedditGapFinder\\\\dataconnect\": could not find dataconnect.yaml in `c:\\meghna\\Coding\\proj\\RedditGapFinder\\dataconnect`\n"}}
[debug] [2026-05-19T06:37:12.340Z] E0519 12:07:12.340121    6024 watch.go:116] watchAllDir unable to walk dir `c:\meghna\Coding\proj\RedditGapFinder\dataconnect`: GetFileAttributesEx c:\meghna\Coding\proj\RedditGapFinder\dataconnect: The system cannot find the file specified.
 {"metadata":{"emulator":{"name":"dataconnect"},"message":"E0519 12:07:12.340121    6024 watch.go:116] watchAllDir unable to walk dir `c:\\meghna\\Coding\\proj\\RedditGapFinder\\dataconnect`: GetFileAttributesEx c:\\meghna\\Coding\\proj\\RedditGapFinder\\dataconnect: The system cannot find the file specified.\n"}}
[debug] [2026-05-19T06:37:12.342Z] E0519 12:07:12.340634    6024 watch.go:40] Failed to load config from "c:\\meghna\\Coding\\proj\\RedditGapFinder\\dataconnect": could not find dataconnect.yaml in `c:\meghna\Coding\proj\RedditGapFinder\dataconnect`
 {"metadata":{"emulator":{"name":"dataconnect"},"message":"E0519 12:07:12.340634    6024 watch.go:40] Failed to load config from \"c:\\\\meghna\\\\Coding\\\\proj\\\\RedditGapFinder\\\\dataconnect\": could not find dataconnect.yaml in `c:\\meghna\\Coding\\proj\\RedditGapFinder\\dataconnect`\n"}}
[debug] [2026-05-19T06:37:22.341Z] E0519 12:07:22.340590    6024 watch.go:40] Failed to load config from "c:\\meghna\\Coding\\proj\\RedditGapFinder\\dataconnect": could not find dataconnect.yaml in `c:\meghna\Coding\proj\RedditGapFinder\dataconnect`
 {"metadata":{"emulator":{"name":"dataconnect"},"message":"E0519 12:07:22.340590    6024 watch.go:40] Failed to load config from \"c:\\\\meghna\\\\Coding\\\\proj\\\\RedditGapFinder\\\\dataconnect\": could not find dataconnect.yaml in `c:\\meghna\\Coding\\proj\\RedditGapFinder\\dataconnect`\n"}}
[debug] [2026-05-19T06:37:32.341Z] E0519 12:07:32.340495    6024 watch.go:40] Failed to load config from "c:\\meghna\\Coding\\proj\\RedditGapFinder\\dataconnect": could not find dataconnect.yaml in `c:\meghna\Coding\proj\RedditGapFinder\dataconnect`
 {"metadata":{"emulator":{"name":"dataconnect"},"message":"E0519 12:07:32.340495    6024 watch.go:40] Failed to load config from \"c:\\\\meghna\\\\Coding\\\\proj\\\\RedditGapFinder\\\\dataconnect\": could not find dataconnect.yaml in `c:\\meghna\\Coding\\proj\\RedditGapFinder\\dataconnect`\n"}}
[debug] [2026-05-19T06:37:42.359Z] E0519 12:07:42.358981    6024 watch.go:40] Failed to load config from "c:\\meghna\\Coding\\proj\\RedditGapFinder\\dataconnect": could not find dataconnect.yaml in `c:\meghna\Coding\proj\RedditGapFinder\dataconnect`
 {"metadata":{"emulator":{"name":"dataconnect"},"message":"E0519 12:07:42.358981    6024 watch.go:40] Failed to load config from \"c:\\\\meghna\\\\Coding\\\\proj\\\\RedditGapFinder\\\\dataconnect\": could not find dataconnect.yaml in `c:\\meghna\\Coding\\proj\\RedditGapFinder\\dataconnect`\n"}}
[debug] [2026-05-19T06:37:52.344Z] E0519 12:07:52.343480    6024 watch.go:40] Failed to load config from "c:\\meghna\\Coding\\proj\\RedditGapFinder\\dataconnect": could not find dataconnect.yaml in `c:\meghna\Coding\proj\RedditGapFinder\dataconnect`
 {"metadata":{"emulator":{"name":"dataconnect"},"message":"E0519 12:07:52.343480    6024 watch.go:40] Failed to load config from \"c:\\\\meghna\\\\Coding\\\\proj\\\\RedditGapFinder\\\\dataconnect\": could not find dataconnect.yaml in `c:\\meghna\\Coding\\proj\\RedditGapFinder\\dataconnect`\n"}}
[debug] [2026-05-19T06:38:02.343Z] E0519 12:08:02.342409    6024 watch.go:40] Failed to load config from "c:\\meghna\\Coding\\proj\\RedditGapFinder\\dataconnect": could not find dataconnect.yaml in `c:\meghna\Coding\proj\RedditGapFinder\dataconnect`
 {"metadata":{"emulator":{"name":"dataconnect"},"message":"E0519 12:08:02.342409    6024 watch.go:40] Failed to load config from \"c:\\\\meghna\\\\Coding\\\\proj\\\\RedditGapFinder\\\\dataconnect\": could not find dataconnect.yaml in `c:\\meghna\\Coding\\proj\\RedditGapFinder\\dataconnect`\n"}}
[debug] [2026-05-19T06:38:12.359Z] E0519 12:08:12.353251    6024 watch.go:116] watchAllDir unable to walk dir `c:\meghna\Coding\proj\RedditGapFinder\dataconnect`: GetFileAttributesEx c:\meghna\Coding\proj\RedditGapFinder\dataconnect: The system cannot find the file specified.
 {"metadata":{"emulator":{"name":"dataconnect"},"message":"E0519 12:08:12.353251    6024 watch.go:116] watchAllDir unable to walk dir `c:\\meghna\\Coding\\proj\\RedditGapFinder\\dataconnect`: GetFileAttributesEx c:\\meghna\\Coding\\proj\\RedditGapFinder\\dataconnect: The system cannot find the file specified.\n"}}
[debug] [2026-05-19T06:38:12.361Z] E0519 12:08:12.361741    6024 watch.go:40] Failed to load config from "c:\\meghna\\Coding\\proj\\RedditGapFinder\\dataconnect": could not find dataconnect.yaml in `c:\meghna\Coding\proj\RedditGapFinder\dataconnect`
 {"metadata":{"emulator":{"name":"dataconnect"},"message":"E0519 12:08:12.361741    6024 watch.go:40] Failed to load config from \"c:\\\\meghna\\\\Coding\\\\proj\\\\RedditGapFinder\\\\dataconnect\": could not find dataconnect.yaml in `c:\\meghna\\Coding\\proj\\RedditGapFinder\\dataconnect`\n"}}
[debug] [2026-05-19T06:38:22.370Z] E0519 12:08:22.369390    6024 watch.go:40] Failed to load config from "c:\\meghna\\Coding\\proj\\RedditGapFinder\\dataconnect": could not find dataconnect.yaml in `c:\meghna\Coding\proj\RedditGapFinder\dataconnect`
 {"metadata":{"emulator":{"name":"dataconnect"},"message":"E0519 12:08:22.369390    6024 watch.go:40] Failed to load config from \"c:\\\\meghna\\\\Coding\\\\proj\\\\RedditGapFinder\\\\dataconnect\": could not find dataconnect.yaml in `c:\\meghna\\Coding\\proj\\RedditGapFinder\\dataconnect`\n"}}
[debug] [2026-05-19T06:38:32.380Z] E0519 12:08:32.360750    6024 watch.go:40] Failed to load config from "c:\\meghna\\Coding\\proj\\RedditGapFinder\\dataconnect": could not find dataconnect.yaml in `c:\meghna\Coding\proj\RedditGapFinder\dataconnect`
 {"metadata":{"emulator":{"name":"dataconnect"},"message":"E0519 12:08:32.360750    6024 watch.go:40] Failed to load config from \"c:\\\\meghna\\\\Coding\\\\proj\\\\RedditGapFinder\\\\dataconnect\": could not find dataconnect.yaml in `c:\\meghna\\Coding\\proj\\RedditGapFinder\\dataconnect`\n"}}
[debug] [2026-05-19T06:38:42.340Z] E0519 12:08:42.340129    6024 watch.go:40] Failed to load config from "c:\\meghna\\Coding\\proj\\RedditGapFinder\\dataconnect": could not find dataconnect.yaml in `c:\meghna\Coding\proj\RedditGapFinder\dataconnect`
 {"metadata":{"emulator":{"name":"dataconnect"},"message":"E0519 12:08:42.340129    6024 watch.go:40] Failed to load config from \"c:\\\\meghna\\\\Coding\\\\proj\\\\RedditGapFinder\\\\dataconnect\": could not find dataconnect.yaml in `c:\\meghna\\Coding\\proj\\RedditGapFinder\\dataconnect`\n"}}
[debug] [2026-05-19T06:38:52.340Z] E0519 12:08:52.339699    6024 watch.go:40] Failed to load config from "c:\\meghna\\Coding\\proj\\RedditGapFinder\\dataconnect": could not find dataconnect.yaml in `c:\meghna\Coding\proj\RedditGapFinder\dataconnect`
 {"metadata":{"emulator":{"name":"dataconnect"},"message":"E0519 12:08:52.339699    6024 watch.go:40] Failed to load config from \"c:\\\\meghna\\\\Coding\\\\proj\\\\RedditGapFinder\\\\dataconnect\": could not find dataconnect.yaml in `c:\\meghna\\Coding\\proj\\RedditGapFinder\\dataconnect`\n"}}
[debug] [2026-05-19T06:39:02.340Z] E0519 12:09:02.339703    6024 watch.go:40] Failed to load config from "c:\\meghna\\Coding\\proj\\RedditGapFinder\\dataconnect": could not find dataconnect.yaml in `c:\meghna\Coding\proj\RedditGapFinder\dataconnect`
 {"metadata":{"emulator":{"name":"dataconnect"},"message":"E0519 12:09:02.339703    6024 watch.go:40] Failed to load config from \"c:\\\\meghna\\\\Coding\\\\proj\\\\RedditGapFinder\\\\dataconnect\": could not find dataconnect.yaml in `c:\\meghna\\Coding\\proj\\RedditGapFinder\\dataconnect`\n"}}
[debug] [2026-05-19T06:39:12.341Z] E0519 12:09:12.340276    6024 watch.go:116] watchAllDir unable to walk dir `c:\meghna\Coding\proj\RedditGapFinder\dataconnect`: GetFileAttributesEx c:\meghna\Coding\proj\RedditGapFinder\dataconnect: The system cannot find the file specified.
 {"metadata":{"emulator":{"name":"dataconnect"},"message":"E0519 12:09:12.340276    6024 watch.go:116] watchAllDir unable to walk dir `c:\\meghna\\Coding\\proj\\RedditGapFinder\\dataconnect`: GetFileAttributesEx c:\\meghna\\Coding\\proj\\RedditGapFinder\\dataconnect: The system cannot find the file specified.\n"}}
[debug] [2026-05-19T06:39:12.361Z] E0519 12:09:12.352485    6024 watch.go:40] Failed to load config from "c:\\meghna\\Coding\\proj\\RedditGapFinder\\dataconnect": could not find dataconnect.yaml in `c:\meghna\Coding\proj\RedditGapFinder\dataconnect`
 {"metadata":{"emulator":{"name":"dataconnect"},"message":"E0519 12:09:12.352485    6024 watch.go:40] Failed to load config from \"c:\\\\meghna\\\\Coding\\\\proj\\\\RedditGapFinder\\\\dataconnect\": could not find dataconnect.yaml in `c:\\meghna\\Coding\\proj\\RedditGapFinder\\dataconnect`\n"}}
[debug] [2026-05-19T06:39:22.340Z] E0519 12:09:22.339892    6024 watch.go:40] Failed to load config from "c:\\meghna\\Coding\\proj\\RedditGapFinder\\dataconnect": could not find dataconnect.yaml in `c:\meghna\Coding\proj\RedditGapFinder\dataconnect`
 {"metadata":{"emulator":{"name":"dataconnect"},"message":"E0519 12:09:22.339892    6024 watch.go:40] Failed to load config from \"c:\\\\meghna\\\\Coding\\\\proj\\\\RedditGapFinder\\\\dataconnect\": could not find dataconnect.yaml in `c:\\meghna\\Coding\\proj\\RedditGapFinder\\dataconnect`\n"}}
[debug] [2026-05-19T06:39:32.340Z] E0519 12:09:32.339797    6024 watch.go:40] Failed to load config from "c:\\meghna\\Coding\\proj\\RedditGapFinder\\dataconnect": could not find dataconnect.yaml in `c:\meghna\Coding\proj\RedditGapFinder\dataconnect`
 {"metadata":{"emulator":{"name":"dataconnect"},"message":"E0519 12:09:32.339797    6024 watch.go:40] Failed to load config from \"c:\\\\meghna\\\\Coding\\\\proj\\\\RedditGapFinder\\\\dataconnect\": could not find dataconnect.yaml in `c:\\meghna\\Coding\\proj\\RedditGapFinder\\dataconnect`\n"}}
[debug] [2026-05-19T06:39:42.345Z] E0519 12:09:42.341352    6024 watch.go:40] Failed to load config from "c:\\meghna\\Coding\\proj\\RedditGapFinder\\dataconnect": could not find dataconnect.yaml in `c:\meghna\Coding\proj\RedditGapFinder\dataconnect`
 {"metadata":{"emulator":{"name":"dataconnect"},"message":"E0519 12:09:42.341352    6024 watch.go:40] Failed to load config from \"c:\\\\meghna\\\\Coding\\\\proj\\\\RedditGapFinder\\\\dataconnect\": could not find dataconnect.yaml in `c:\\meghna\\Coding\\proj\\RedditGapFinder\\dataconnect`\n"}}
[debug] [2026-05-19T06:39:52.342Z] E0519 12:09:52.342229    6024 watch.go:40] Failed to load config from "c:\\meghna\\Coding\\proj\\RedditGapFinder\\dataconnect": could not find dataconnect.yaml in `c:\meghna\Coding\proj\RedditGapFinder\dataconnect`
 {"metadata":{"emulator":{"name":"dataconnect"},"message":"E0519 12:09:52.342229    6024 watch.go:40] Failed to load config from \"c:\\\\meghna\\\\Coding\\\\proj\\\\RedditGapFinder\\\\dataconnect\": could not find dataconnect.yaml in `c:\\meghna\\Coding\\proj\\RedditGapFinder\\dataconnect`\n"}}
[debug] [2026-05-19T06:40:02.340Z] E0519 12:10:02.340446    6024 watch.go:40] Failed to load config from "c:\\meghna\\Coding\\proj\\RedditGapFinder\\dataconnect": could not find dataconnect.yaml in `c:\meghna\Coding\proj\RedditGapFinder\dataconnect`
 {"metadata":{"emulator":{"name":"dataconnect"},"message":"E0519 12:10:02.340446    6024 watch.go:40] Failed to load config from \"c:\\\\meghna\\\\Coding\\\\proj\\\\RedditGapFinder\\\\dataconnect\": could not find dataconnect.yaml in `c:\\meghna\\Coding\\proj\\RedditGapFinder\\dataconnect`\n"}}
[debug] [2026-05-19T06:40:12.340Z] E0519 12:10:12.339771    6024 watch.go:116] watchAllDir unable to walk dir `c:\meghna\Coding\proj\RedditGapFinder\dataconnect`: GetFileAttributesEx c:\meghna\Coding\proj\RedditGapFinder\dataconnect: The system cannot find the file specified.
E0519 12:10:12.339771    6024 watch.go:40] Failed to load config from "c:\\meghna\\Coding\\proj\\RedditGapFinder\\dataconnect": could not find dataconnect.yaml in `c:\meghna\Coding\proj\RedditGapFinder\dataconnect`
 {"metadata":{"emulator":{"name":"dataconnect"},"message":"E0519 12:10:12.339771    6024 watch.go:116] watchAllDir unable to walk dir `c:\\meghna\\Coding\\proj\\RedditGapFinder\\dataconnect`: GetFileAttributesEx c:\\meghna\\Coding\\proj\\RedditGapFinder\\dataconnect: The system cannot find the file specified.\nE0519 12:10:12.339771    6024 watch.go:40] Failed to load config from \"c:\\\\meghna\\\\Coding\\\\proj\\\\RedditGapFinder\\\\dataconnect\": could not find dataconnect.yaml in `c:\\meghna\\Coding\\proj\\RedditGapFinder\\dataconnect`\n"}}
[debug] [2026-05-19T06:40:22.340Z] E0519 12:10:22.339919    6024 watch.go:40] Failed to load config from "c:\\meghna\\Coding\\proj\\RedditGapFinder\\dataconnect": could not find dataconnect.yaml in `c:\meghna\Coding\proj\RedditGapFinder\dataconnect`
 {"metadata":{"emulator":{"name":"dataconnect"},"message":"E0519 12:10:22.339919    6024 watch.go:40] Failed to load config from \"c:\\\\meghna\\\\Coding\\\\proj\\\\RedditGapFinder\\\\dataconnect\": could not find dataconnect.yaml in `c:\\meghna\\Coding\\proj\\RedditGapFinder\\dataconnect`\n"}}
[debug] [2026-05-19T06:40:32.342Z] E0519 12:10:32.340763    6024 watch.go:40] Failed to load config from "c:\\meghna\\Coding\\proj\\RedditGapFinder\\dataconnect": could not find dataconnect.yaml in `c:\meghna\Coding\proj\RedditGapFinder\dataconnect`
 {"metadata":{"emulator":{"name":"dataconnect"},"message":"E0519 12:10:32.340763    6024 watch.go:40] Failed to load config from \"c:\\\\meghna\\\\Coding\\\\proj\\\\RedditGapFinder\\\\dataconnect\": could not find dataconnect.yaml in `c:\\meghna\\Coding\\proj\\RedditGapFinder\\dataconnect`\n"}}
[debug] [2026-05-19T06:40:42.342Z] E0519 12:10:42.340741    6024 watch.go:40] Failed to load config from "c:\\meghna\\Coding\\proj\\RedditGapFinder\\dataconnect": could not find dataconnect.yaml in `c:\meghna\Coding\proj\RedditGapFinder\dataconnect`
 {"metadata":{"emulator":{"name":"dataconnect"},"message":"E0519 12:10:42.340741    6024 watch.go:40] Failed to load config from \"c:\\\\meghna\\\\Coding\\\\proj\\\\RedditGapFinder\\\\dataconnect\": could not find dataconnect.yaml in `c:\\meghna\\Coding\\proj\\RedditGapFinder\\dataconnect`\n"}}
[debug] [2026-05-19T06:40:52.346Z] E0519 12:10:52.345754    6024 watch.go:40] Failed to load config from "c:\\meghna\\Coding\\proj\\RedditGapFinder\\dataconnect": could not find dataconnect.yaml in `c:\meghna\Coding\proj\RedditGapFinder\dataconnect`
 {"metadata":{"emulator":{"name":"dataconnect"},"message":"E0519 12:10:52.345754    6024 watch.go:40] Failed to load config from \"c:\\\\meghna\\\\Coding\\\\proj\\\\RedditGapFinder\\\\dataconnect\": could not find dataconnect.yaml in `c:\\meghna\\Coding\\proj\\RedditGapFinder\\dataconnect`\n"}}
[debug] [2026-05-19T06:41:02.434Z] E0519 12:11:02.434261    6024 watch.go:40] Failed to load config from "c:\\meghna\\Coding\\proj\\RedditGapFinder\\dataconnect": could not find dataconnect.yaml in `c:\meghna\Coding\proj\RedditGapFinder\dataconnect`
 {"metadata":{"emulator":{"name":"dataconnect"},"message":"E0519 12:11:02.434261    6024 watch.go:40] Failed to load config from \"c:\\\\meghna\\\\Coding\\\\proj\\\\RedditGapFinder\\\\dataconnect\": could not find dataconnect.yaml in `c:\\meghna\\Coding\\proj\\RedditGapFinder\\dataconnect`\n"}}
[debug] [2026-05-19T06:41:12.342Z] E0519 12:11:12.341080    6024 watch.go:116] watchAllDir unable to walk dir `c:\meghna\Coding\proj\RedditGapFinder\dataconnect`: GetFileAttributesEx c:\meghna\Coding\proj\RedditGapFinder\dataconnect: The system cannot find the file specified.
 {"metadata":{"emulator":{"name":"dataconnect"},"message":"E0519 12:11:12.341080    6024 watch.go:116] watchAllDir unable to walk dir `c:\\meghna\\Coding\\proj\\RedditGapFinder\\dataconnect`: GetFileAttributesEx c:\\meghna\\Coding\\proj\\RedditGapFinder\\dataconnect: The system cannot find the file specified.\n"}}
[debug] [2026-05-19T06:41:12.357Z] E0519 12:11:12.350660    6024 watch.go:40] Failed to load config from "c:\\meghna\\Coding\\proj\\RedditGapFinder\\dataconnect": could not find dataconnect.yaml in `c:\meghna\Coding\proj\RedditGapFinder\dataconnect`
 {"metadata":{"emulator":{"name":"dataconnect"},"message":"E0519 12:11:12.350660    6024 watch.go:40] Failed to load config from \"c:\\\\meghna\\\\Coding\\\\proj\\\\RedditGapFinder\\\\dataconnect\": could not find dataconnect.yaml in `c:\\meghna\\Coding\\proj\\RedditGapFinder\\dataconnect`\n"}}
[debug] [2026-05-19T06:41:22.346Z] E0519 12:11:22.345018    6024 watch.go:40] Failed to load config from "c:\\meghna\\Coding\\proj\\RedditGapFinder\\dataconnect": could not find dataconnect.yaml in `c:\meghna\Coding\proj\RedditGapFinder\dataconnect`
 {"metadata":{"emulator":{"name":"dataconnect"},"message":"E0519 12:11:22.345018    6024 watch.go:40] Failed to load config from \"c:\\\\meghna\\\\Coding\\\\proj\\\\RedditGapFinder\\\\dataconnect\": could not find dataconnect.yaml in `c:\\meghna\\Coding\\proj\\RedditGapFinder\\dataconnect`\n"}}
[debug] [2026-05-19T06:41:32.343Z] E0519 12:11:32.342710    6024 watch.go:40] Failed to load config from "c:\\meghna\\Coding\\proj\\RedditGapFinder\\dataconnect": could not find dataconnect.yaml in `c:\meghna\Coding\proj\RedditGapFinder\dataconnect`
 {"metadata":{"emulator":{"name":"dataconnect"},"message":"E0519 12:11:32.342710    6024 watch.go:40] Failed to load config from \"c:\\\\meghna\\\\Coding\\\\proj\\\\RedditGapFinder\\\\dataconnect\": could not find dataconnect.yaml in `c:\\meghna\\Coding\\proj\\RedditGapFinder\\dataconnect`\n"}}
[debug] [2026-05-19T06:41:42.352Z] E0519 12:11:42.352358    6024 watch.go:40] Failed to load config from "c:\\meghna\\Coding\\proj\\RedditGapFinder\\dataconnect": could not find dataconnect.yaml in `c:\meghna\Coding\proj\RedditGapFinder\dataconnect`
 {"metadata":{"emulator":{"name":"dataconnect"},"message":"E0519 12:11:42.352358    6024 watch.go:40] Failed to load config from \"c:\\\\meghna\\\\Coding\\\\proj\\\\RedditGapFinder\\\\dataconnect\": could not find dataconnect.yaml in `c:\\meghna\\Coding\\proj\\RedditGapFinder\\dataconnect`\n"}}
[debug] [2026-05-19T06:41:52.341Z] E0519 12:11:52.340604    6024 watch.go:40] Failed to load config from "c:\\meghna\\Coding\\proj\\RedditGapFinder\\dataconnect": could not find dataconnect.yaml in `c:\meghna\Coding\proj\RedditGapFinder\dataconnect`
 {"metadata":{"emulator":{"name":"dataconnect"},"message":"E0519 12:11:52.340604    6024 watch.go:40] Failed to load config from \"c:\\\\meghna\\\\Coding\\\\proj\\\\RedditGapFinder\\\\dataconnect\": could not find dataconnect.yaml in `c:\\meghna\\Coding\\proj\\RedditGapFinder\\dataconnect`\n"}}
[debug] [2026-05-19T06:42:02.341Z] E0519 12:12:02.340998    6024 watch.go:40] Failed to load config from "c:\\meghna\\Coding\\proj\\RedditGapFinder\\dataconnect": could not find dataconnect.yaml in `c:\meghna\Coding\proj\RedditGapFinder\dataconnect`
 {"metadata":{"emulator":{"name":"dataconnect"},"message":"E0519 12:12:02.340998    6024 watch.go:40] Failed to load config from \"c:\\\\meghna\\\\Coding\\\\proj\\\\RedditGapFinder\\\\dataconnect\": could not find dataconnect.yaml in `c:\\meghna\\Coding\\proj\\RedditGapFinder\\dataconnect`\n"}}
[debug] [2026-05-19T06:42:12.339Z] E0519 12:12:12.339605    6024 watch.go:116] watchAllDir unable to walk dir `c:\meghna\Coding\proj\RedditGapFinder\dataconnect`: GetFileAttributesEx c:\meghna\Coding\proj\RedditGapFinder\dataconnect: The system cannot find the file specified.
 {"metadata":{"emulator":{"name":"dataconnect"},"message":"E0519 12:12:12.339605    6024 watch.go:116] watchAllDir unable to walk dir `c:\\meghna\\Coding\\proj\\RedditGapFinder\\dataconnect`: GetFileAttributesEx c:\\meghna\\Coding\\proj\\RedditGapFinder\\dataconnect: The system cannot find the file specified.\n"}}
[debug] [2026-05-19T06:42:12.340Z] E0519 12:12:12.340041    6024 watch.go:40] Failed to load config from "c:\\meghna\\Coding\\proj\\RedditGapFinder\\dataconnect": could not find dataconnect.yaml in `c:\meghna\Coding\proj\RedditGapFinder\dataconnect`
 {"metadata":{"emulator":{"name":"dataconnect"},"message":"E0519 12:12:12.340041    6024 watch.go:40] Failed to load config from \"c:\\\\meghna\\\\Coding\\\\proj\\\\RedditGapFinder\\\\dataconnect\": could not find dataconnect.yaml in `c:\\meghna\\Coding\\proj\\RedditGapFinder\\dataconnect`\n"}}
[debug] [2026-05-19T06:42:22.340Z] E0519 12:12:22.340048    6024 watch.go:40] Failed to load config from "c:\\meghna\\Coding\\proj\\RedditGapFinder\\dataconnect": could not find dataconnect.yaml in `c:\meghna\Coding\proj\RedditGapFinder\dataconnect`
 {"metadata":{"emulator":{"name":"dataconnect"},"message":"E0519 12:12:22.340048    6024 watch.go:40] Failed to load config from \"c:\\\\meghna\\\\Coding\\\\proj\\\\RedditGapFinder\\\\dataconnect\": could not find dataconnect.yaml in `c:\\meghna\\Coding\\proj\\RedditGapFinder\\dataconnect`\n"}}
[debug] [2026-05-19T06:42:32.340Z] E0519 12:12:32.340337    6024 watch.go:40] Failed to load config from "c:\\meghna\\Coding\\proj\\RedditGapFinder\\dataconnect": could not find dataconnect.yaml in `c:\meghna\Coding\proj\RedditGapFinder\dataconnect`
 {"metadata":{"emulator":{"name":"dataconnect"},"message":"E0519 12:12:32.340337    6024 watch.go:40] Failed to load config from \"c:\\\\meghna\\\\Coding\\\\proj\\\\RedditGapFinder\\\\dataconnect\": could not find dataconnect.yaml in `c:\\meghna\\Coding\\proj\\RedditGapFinder\\dataconnect`\n"}}
[debug] [2026-05-19T06:42:42.339Z] E0519 12:12:42.339829    6024 watch.go:40] Failed to load config from "c:\\meghna\\Coding\\proj\\RedditGapFinder\\dataconnect": could not find dataconnect.yaml in `c:\meghna\Coding\proj\RedditGapFinder\dataconnect`
 {"metadata":{"emulator":{"name":"dataconnect"},"message":"E0519 12:12:42.339829    6024 watch.go:40] Failed to load config from \"c:\\\\meghna\\\\Coding\\\\proj\\\\RedditGapFinder\\\\dataconnect\": could not find dataconnect.yaml in `c:\\meghna\\Coding\\proj\\RedditGapFinder\\dataconnect`\n"}}
[debug] [2026-05-19T06:42:52.340Z] E0519 12:12:52.340381    6024 watch.go:40] Failed to load config from "c:\\meghna\\Coding\\proj\\RedditGapFinder\\dataconnect": could not find dataconnect.yaml in `c:\meghna\Coding\proj\RedditGapFinder\dataconnect`
 {"metadata":{"emulator":{"name":"dataconnect"},"message":"E0519 12:12:52.340381    6024 watch.go:40] Failed to load config from \"c:\\\\meghna\\\\Coding\\\\proj\\\\RedditGapFinder\\\\dataconnect\": could not find dataconnect.yaml in `c:\\meghna\\Coding\\proj\\RedditGapFinder\\dataconnect`\n"}}
[info] [Firebase Plugin] Stopping SQL Connect toolkit
[warn] !  SQL Connect Emulator has exited upon receiving signal: SIGINT 
[debug] [2026-05-19T06:43:19.105Z] [Firebase Plugin] Activating Firebase extension.
[debug] [2026-05-19T06:43:28.562Z] [Firebase Plugin] requireAuthWrapper
[debug] [2026-05-19T06:43:28.566Z] > command requires scopes: ["email","openid","https://www.googleapis.com/auth/cloudplatformprojects.readonly","https://www.googleapis.com/auth/firebase","https://www.googleapis.com/auth/cloud-platform"]
[debug] [2026-05-19T06:43:28.567Z] > authorizing via signed-in user (meghanasingareddy@gmail.com)
[debug] [2026-05-19T06:43:28.573Z] Checked if tokens are valid: false, expires at: 1779173628368
[debug] [2026-05-19T06:43:28.574Z] Checked if tokens are valid: false, expires at: 1779173628368
[debug] [2026-05-19T06:43:28.574Z] > refreshing access token with scopes: []
[debug] [2026-05-19T06:43:28.577Z] >>> [apiv2][query] POST https://www.googleapis.com/oauth2/v3/token [none]
[debug] [2026-05-19T06:43:28.578Z] >>> [apiv2][body] POST https://www.googleapis.com/oauth2/v3/token [omitted]
[debug] [2026-05-19T06:43:28.596Z] [Firebase Plugin] VSCode notification server listening on port 40001
[debug] [2026-05-19T06:43:28.986Z] <<< [apiv2][status] POST https://www.googleapis.com/oauth2/v3/token 200
[debug] [2026-05-19T06:43:28.986Z] <<< [apiv2][body] POST https://www.googleapis.com/oauth2/v3/token [omitted]
[debug] [2026-05-19T06:43:29.052Z] [Firebase Plugin] User found:  meghanasingareddy@gmail.com
[info] [Firebase Plugin] (Core:Project) New user detected, fetching projects
[debug] [2026-05-19T06:43:29.056Z] Checked if tokens are valid: true, expires at: 1779176607986
[debug] [2026-05-19T06:43:29.058Z] >>> [apiv2][query] GET https://firebase.googleapis.com/v1beta1/projects pageSize=1000
[info] [Firebase Plugin] Starting SQL Connect toolkit (version 3.4.6) on port 50001
[debug] [2026-05-19T06:43:30.203Z] 'fdc build' failed with error: Unable to build your SQL Connect schema and connectors (exit code 1): E0519 12:13:30.190590    4848 cmd.go:43] Error loading data connect config: could not find dataconnect.yaml in `c:\meghna\Coding\proj\RedditGapFinder\dataconnect`
 {"metadata":{"emulator":{"name":"dataconnect"},"message":"'fdc build' failed with error: Unable to build your SQL Connect schema and connectors (exit code 1): E0519 12:13:30.190590    4848 cmd.go:43] Error loading data connect config: could not find dataconnect.yaml in `c:\\meghna\\Coding\\proj\\RedditGapFinder\\dataconnect`\n"}}
[debug] [2026-05-19T06:43:30.204Z] Ignoring unsupported arg: auto_download {"metadata":{"emulator":{"name":"dataconnect"},"message":"Ignoring unsupported arg: auto_download"}}
[debug] [2026-05-19T06:43:30.205Z] Ignoring unsupported arg: port {"metadata":{"emulator":{"name":"dataconnect"},"message":"Ignoring unsupported arg: port"}}
[debug] [2026-05-19T06:43:30.205Z] Starting SQL Connect Emulator with command {"binary":"C:\\Users\\megha\\.cache\\firebase\\emulators\\dataconnect-emulator-3.4.6.exe","args":["--logtostderr","-v=2","dev","--listen=localhost:50001","--config_dir=c:\\meghna\\Coding\\proj\\RedditGapFinder\\dataconnect","--enable_output_schema_extensions=true","--enable_output_generated_sdk=true"],"optionalArgs":["listen","config_dir","enable_output_schema_extensions","enable_output_generated_sdk"],"joinArgs":true,"shell":false,"port":9399} {"metadata":{"emulator":{"name":"dataconnect"},"message":"Starting SQL Connect Emulator with command {\"binary\":\"C:\\\\Users\\\\megha\\\\.cache\\\\firebase\\\\emulators\\\\dataconnect-emulator-3.4.6.exe\",\"args\":[\"--logtostderr\",\"-v=2\",\"dev\",\"--listen=localhost:50001\",\"--config_dir=c:\\\\meghna\\\\Coding\\\\proj\\\\RedditGapFinder\\\\dataconnect\",\"--enable_output_schema_extensions=true\",\"--enable_output_generated_sdk=true\"],\"optionalArgs\":[\"listen\",\"config_dir\",\"enable_output_schema_extensions\",\"enable_output_generated_sdk\"],\"joinArgs\":true,\"shell\":false,\"port\":9399}"}}
[info] i  dataconnect: SQL Connect Emulator logging to dataconnect-debug.log {"metadata":{"emulator":{"name":"dataconnect"},"message":"SQL Connect Emulator logging to \u001b[1mdataconnect-debug.log\u001b[22m"}}
[debug] [2026-05-19T06:43:30.308Z] E0519 12:13:30.285509   20140 dev.go:83] Failed to load initial config from "c:\\meghna\\Coding\\proj\\RedditGapFinder\\dataconnect": could not find dataconnect.yaml in `c:\meghna\Coding\proj\RedditGapFinder\dataconnect`
E0519 12:13:30.288342   20140 watch.go:116] watchAllDir unable to walk dir `c:\meghna\Coding\proj\RedditGapFinder\dataconnect`: GetFileAttributesEx c:\meghna\Coding\proj\RedditGapFinder\dataconnect: The system cannot find the file specified.
 {"metadata":{"emulator":{"name":"dataconnect"},"message":"E0519 12:13:30.285509   20140 dev.go:83] Failed to load initial config from \"c:\\\\meghna\\\\Coding\\\\proj\\\\RedditGapFinder\\\\dataconnect\": could not find dataconnect.yaml in `c:\\meghna\\Coding\\proj\\RedditGapFinder\\dataconnect`\nE0519 12:13:30.288342   20140 watch.go:116] watchAllDir unable to walk dir `c:\\meghna\\Coding\\proj\\RedditGapFinder\\dataconnect`: GetFileAttributesEx c:\\meghna\\Coding\\proj\\RedditGapFinder\\dataconnect: The system cannot find the file specified.\n"}}
[debug] [2026-05-19T06:43:30.329Z] I0519 12:13:30.328337   20140 dev.go:104] Listening on address (HTTP + gRPC): 127.0.0.1:50001
 {"metadata":{"emulator":{"name":"dataconnect"},"message":"I0519 12:13:30.328337   20140 dev.go:104] Listening on address (HTTP + gRPC): 127.0.0.1:50001\n"}}
[error] [Firebase Plugin] error:  {}
[debug] [2026-05-19T06:43:30.921Z] <<< [apiv2][status] GET https://firebase.googleapis.com/v1beta1/projects 200
[debug] [2026-05-19T06:43:30.921Z] <<< [apiv2][body] GET https://firebase.googleapis.com/v1beta1/projects [omitted]
[debug] [2026-05-19T06:43:40.295Z] E0519 12:13:40.294752   20140 watch.go:40] Failed to load config from "c:\\meghna\\Coding\\proj\\RedditGapFinder\\dataconnect": could not find dataconnect.yaml in `c:\meghna\Coding\proj\RedditGapFinder\dataconnect`
 {"metadata":{"emulator":{"name":"dataconnect"},"message":"E0519 12:13:40.294752   20140 watch.go:40] Failed to load config from \"c:\\\\meghna\\\\Coding\\\\proj\\\\RedditGapFinder\\\\dataconnect\": could not find dataconnect.yaml in `c:\\meghna\\Coding\\proj\\RedditGapFinder\\dataconnect`\n"}}
[debug] [2026-05-19T06:43:50.295Z] E0519 12:13:50.294431   20140 watch.go:40] Failed to load config from "c:\\meghna\\Coding\\proj\\RedditGapFinder\\dataconnect": could not find dataconnect.yaml in `c:\meghna\Coding\proj\RedditGapFinder\dataconnect`
 {"metadata":{"emulator":{"name":"dataconnect"},"message":"E0519 12:13:50.294431   20140 watch.go:40] Failed to load config from \"c:\\\\meghna\\\\Coding\\\\proj\\\\RedditGapFinder\\\\dataconnect\": could not find dataconnect.yaml in `c:\\meghna\\Coding\\proj\\RedditGapFinder\\dataconnect`\n"}}
[debug] [2026-05-19T06:44:00.295Z] E0519 12:14:00.294643   20140 watch.go:40] Failed to load config from "c:\\meghna\\Coding\\proj\\RedditGapFinder\\dataconnect": could not find dataconnect.yaml in `c:\meghna\Coding\proj\RedditGapFinder\dataconnect`
 {"metadata":{"emulator":{"name":"dataconnect"},"message":"E0519 12:14:00.294643   20140 watch.go:40] Failed to load config from \"c:\\\\meghna\\\\Coding\\\\proj\\\\RedditGapFinder\\\\dataconnect\": could not find dataconnect.yaml in `c:\\meghna\\Coding\\proj\\RedditGapFinder\\dataconnect`\n"}}
[debug] [2026-05-19T06:44:10.294Z] E0519 12:14:10.294900   20140 watch.go:40] Failed to load config from "c:\\meghna\\Coding\\proj\\RedditGapFinder\\dataconnect": could not find dataconnect.yaml in `c:\meghna\Coding\proj\RedditGapFinder\dataconnect`
 {"metadata":{"emulator":{"name":"dataconnect"},"message":"E0519 12:14:10.294900   20140 watch.go:40] Failed to load config from \"c:\\\\meghna\\\\Coding\\\\proj\\\\RedditGapFinder\\\\dataconnect\": could not find dataconnect.yaml in `c:\\meghna\\Coding\\proj\\RedditGapFinder\\dataconnect`\n"}}
[debug] [2026-05-19T06:44:20.294Z] E0519 12:14:20.294831   20140 watch.go:40] Failed to load config from "c:\\meghna\\Coding\\proj\\RedditGapFinder\\dataconnect": could not find dataconnect.yaml in `c:\meghna\Coding\proj\RedditGapFinder\dataconnect`
 {"metadata":{"emulator":{"name":"dataconnect"},"message":"E0519 12:14:20.294831   20140 watch.go:40] Failed to load config from \"c:\\\\meghna\\\\Coding\\\\proj\\\\RedditGapFinder\\\\dataconnect\": could not find dataconnect.yaml in `c:\\meghna\\Coding\\proj\\RedditGapFinder\\dataconnect`\n"}}
[debug] [2026-05-19T06:44:30.294Z] E0519 12:14:30.294214   20140 watch.go:116] watchAllDir unable to walk dir `c:\meghna\Coding\proj\RedditGapFinder\dataconnect`: GetFileAttributesEx c:\meghna\Coding\proj\RedditGapFinder\dataconnect: The system cannot find the file specified.
 {"metadata":{"emulator":{"name":"dataconnect"},"message":"E0519 12:14:30.294214   20140 watch.go:116] watchAllDir unable to walk dir `c:\\meghna\\Coding\\proj\\RedditGapFinder\\dataconnect`: GetFileAttributesEx c:\\meghna\\Coding\\proj\\RedditGapFinder\\dataconnect: The system cannot find the file specified.\n"}}
[debug] [2026-05-19T06:44:30.297Z] E0519 12:14:30.295558   20140 watch.go:40] Failed to load config from "c:\\meghna\\Coding\\proj\\RedditGapFinder\\dataconnect": could not find dataconnect.yaml in `c:\meghna\Coding\proj\RedditGapFinder\dataconnect`
 {"metadata":{"emulator":{"name":"dataconnect"},"message":"E0519 12:14:30.295558   20140 watch.go:40] Failed to load config from \"c:\\\\meghna\\\\Coding\\\\proj\\\\RedditGapFinder\\\\dataconnect\": could not find dataconnect.yaml in `c:\\meghna\\Coding\\proj\\RedditGapFinder\\dataconnect`\n"}}
[debug] [2026-05-19T06:44:40.295Z] E0519 12:14:40.295304   20140 watch.go:40] Failed to load config from "c:\\meghna\\Coding\\proj\\RedditGapFinder\\dataconnect": could not find dataconnect.yaml in `c:\meghna\Coding\proj\RedditGapFinder\dataconnect`
 {"metadata":{"emulator":{"name":"dataconnect"},"message":"E0519 12:14:40.295304   20140 watch.go:40] Failed to load config from \"c:\\\\meghna\\\\Coding\\\\proj\\\\RedditGapFinder\\\\dataconnect\": could not find dataconnect.yaml in `c:\\meghna\\Coding\\proj\\RedditGapFinder\\dataconnect`\n"}}
[debug] [2026-05-19T06:44:50.296Z] E0519 12:14:50.295793   20140 watch.go:40] Failed to load config from "c:\\meghna\\Coding\\proj\\RedditGapFinder\\dataconnect": could not find dataconnect.yaml in `c:\meghna\Coding\proj\RedditGapFinder\dataconnect`
 {"metadata":{"emulator":{"name":"dataconnect"},"message":"E0519 12:14:50.295793   20140 watch.go:40] Failed to load config from \"c:\\\\meghna\\\\Coding\\\\proj\\\\RedditGapFinder\\\\dataconnect\": could not find dataconnect.yaml in `c:\\meghna\\Coding\\proj\\RedditGapFinder\\dataconnect`\n"}}
[debug] [2026-05-19T06:45:00.295Z] E0519 12:15:00.294988   20140 watch.go:40] Failed to load config from "c:\\meghna\\Coding\\proj\\RedditGapFinder\\dataconnect": could not find dataconnect.yaml in `c:\meghna\Coding\proj\RedditGapFinder\dataconnect`
 {"metadata":{"emulator":{"name":"dataconnect"},"message":"E0519 12:15:00.294988   20140 watch.go:40] Failed to load config from \"c:\\\\meghna\\\\Coding\\\\proj\\\\RedditGapFinder\\\\dataconnect\": could not find dataconnect.yaml in `c:\\meghna\\Coding\\proj\\RedditGapFinder\\dataconnect`\n"}}
[debug] [2026-05-19T06:45:10.295Z] E0519 12:15:10.295091   20140 watch.go:40] Failed to load config from "c:\\meghna\\Coding\\proj\\RedditGapFinder\\dataconnect": could not find dataconnect.yaml in `c:\meghna\Coding\proj\RedditGapFinder\dataconnect`
 {"metadata":{"emulator":{"name":"dataconnect"},"message":"E0519 12:15:10.295091   20140 watch.go:40] Failed to load config from \"c:\\\\meghna\\\\Coding\\\\proj\\\\RedditGapFinder\\\\dataconnect\": could not find dataconnect.yaml in `c:\\meghna\\Coding\\proj\\RedditGapFinder\\dataconnect`\n"}}
[debug] [2026-05-19T06:45:20.298Z] E0519 12:15:20.297458   20140 watch.go:40] Failed to load config from "c:\\meghna\\Coding\\proj\\RedditGapFinder\\dataconnect": could not find dataconnect.yaml in `c:\meghna\Coding\proj\RedditGapFinder\dataconnect`
 {"metadata":{"emulator":{"name":"dataconnect"},"message":"E0519 12:15:20.297458   20140 watch.go:40] Failed to load config from \"c:\\\\meghna\\\\Coding\\\\proj\\\\RedditGapFinder\\\\dataconnect\": could not find dataconnect.yaml in `c:\\meghna\\Coding\\proj\\RedditGapFinder\\dataconnect`\n"}}
[debug] [2026-05-19T06:45:30.296Z] E0519 12:15:30.295412   20140 watch.go:116] watchAllDir unable to walk dir `c:\meghna\Coding\proj\RedditGapFinder\dataconnect`: GetFileAttributesEx c:\meghna\Coding\proj\RedditGapFinder\dataconnect: The system cannot find the file specified.
 {"metadata":{"emulator":{"name":"dataconnect"},"message":"E0519 12:15:30.295412   20140 watch.go:116] watchAllDir unable to walk dir `c:\\meghna\\Coding\\proj\\RedditGapFinder\\dataconnect`: GetFileAttributesEx c:\\meghna\\Coding\\proj\\RedditGapFinder\\dataconnect: The system cannot find the file specified.\n"}}
[debug] [2026-05-19T06:45:30.301Z] E0519 12:15:30.296618   20140 watch.go:40] Failed to load config from "c:\\meghna\\Coding\\proj\\RedditGapFinder\\dataconnect": could not find dataconnect.yaml in `c:\meghna\Coding\proj\RedditGapFinder\dataconnect`
 {"metadata":{"emulator":{"name":"dataconnect"},"message":"E0519 12:15:30.296618   20140 watch.go:40] Failed to load config from \"c:\\\\meghna\\\\Coding\\\\proj\\\\RedditGapFinder\\\\dataconnect\": could not find dataconnect.yaml in `c:\\meghna\\Coding\\proj\\RedditGapFinder\\dataconnect`\n"}}
[debug] [2026-05-19T06:45:52.524Z] E0519 12:15:51.893044   20140 watch.go:40] Failed to load config from "c:\\meghna\\Coding\\proj\\RedditGapFinder\\dataconnect": could not find dataconnect.yaml in `c:\meghna\Coding\proj\RedditGapFinder\dataconnect`
E0519 12:15:51.893798   20140 watch.go:40] Failed to load config from "c:\\meghna\\Coding\\proj\\RedditGapFinder\\dataconnect": could not find dataconnect.yaml in `c:\meghna\Coding\proj\RedditGapFinder\dataconnect`
 {"metadata":{"emulator":{"name":"dataconnect"},"message":"E0519 12:15:51.893044   20140 watch.go:40] Failed to load config from \"c:\\\\meghna\\\\Coding\\\\proj\\\\RedditGapFinder\\\\dataconnect\": could not find dataconnect.yaml in `c:\\meghna\\Coding\\proj\\RedditGapFinder\\dataconnect`\nE0519 12:15:51.893798   20140 watch.go:40] Failed to load config from \"c:\\\\meghna\\\\Coding\\\\proj\\\\RedditGapFinder\\\\dataconnect\": could not find dataconnect.yaml in `c:\\meghna\\Coding\\proj\\RedditGapFinder\\dataconnect`\n"}}
[debug] [2026-05-19T06:46:02.632Z] E0519 12:16:02.338647   20140 watch.go:40] Failed to load config from "c:\\meghna\\Coding\\proj\\RedditGapFinder\\dataconnect": could not find dataconnect.yaml in `c:\meghna\Coding\proj\RedditGapFinder\dataconnect`
 {"metadata":{"emulator":{"name":"dataconnect"},"message":"E0519 12:16:02.338647   20140 watch.go:40] Failed to load config from \"c:\\\\meghna\\\\Coding\\\\proj\\\\RedditGapFinder\\\\dataconnect\": could not find dataconnect.yaml in `c:\\meghna\\Coding\\proj\\RedditGapFinder\\dataconnect`\n"}}
[debug] [2026-05-19T06:46:10.294Z] E0519 12:16:10.294471   20140 watch.go:40] Failed to load config from "c:\\meghna\\Coding\\proj\\RedditGapFinder\\dataconnect": could not find dataconnect.yaml in `c:\meghna\Coding\proj\RedditGapFinder\dataconnect`
 {"metadata":{"emulator":{"name":"dataconnect"},"message":"E0519 12:16:10.294471   20140 watch.go:40] Failed to load config from \"c:\\\\meghna\\\\Coding\\\\proj\\\\RedditGapFinder\\\\dataconnect\": could not find dataconnect.yaml in `c:\\meghna\\Coding\\proj\\RedditGapFinder\\dataconnect`\n"}}
[debug] [2026-05-19T06:46:20.294Z] E0519 12:16:20.294369   20140 watch.go:40] Failed to load config from "c:\\meghna\\Coding\\proj\\RedditGapFinder\\dataconnect": could not find dataconnect.yaml in `c:\meghna\Coding\proj\RedditGapFinder\dataconnect`
 {"metadata":{"emulator":{"name":"dataconnect"},"message":"E0519 12:16:20.294369   20140 watch.go:40] Failed to load config from \"c:\\\\meghna\\\\Coding\\\\proj\\\\RedditGapFinder\\\\dataconnect\": could not find dataconnect.yaml in `c:\\meghna\\Coding\\proj\\RedditGapFinder\\dataconnect`\n"}}
[debug] [2026-05-19T06:46:30.301Z] E0519 12:16:30.295338   20140 watch.go:116] watchAllDir unable to walk dir `c:\meghna\Coding\proj\RedditGapFinder\dataconnect`: GetFileAttributesEx c:\meghna\Coding\proj\RedditGapFinder\dataconnect: The system cannot find the file specified.
E0519 12:16:30.296074   20140 watch.go:40] Failed to load config from "c:\\meghna\\Coding\\proj\\RedditGapFinder\\dataconnect": could not find dataconnect.yaml in `c:\meghna\Coding\proj\RedditGapFinder\dataconnect`
 {"metadata":{"emulator":{"name":"dataconnect"},"message":"E0519 12:16:30.295338   20140 watch.go:116] watchAllDir unable to walk dir `c:\\meghna\\Coding\\proj\\RedditGapFinder\\dataconnect`: GetFileAttributesEx c:\\meghna\\Coding\\proj\\RedditGapFinder\\dataconnect: The system cannot find the file specified.\nE0519 12:16:30.296074   20140 watch.go:40] Failed to load config from \"c:\\\\meghna\\\\Coding\\\\proj\\\\RedditGapFinder\\\\dataconnect\": could not find dataconnect.yaml in `c:\\meghna\\Coding\\proj\\RedditGapFinder\\dataconnect`\n"}}
[debug] [2026-05-19T06:46:44.602Z] E0519 12:16:40.294911   20140 watch.go:40] Failed to load config from "c:\\meghna\\Coding\\proj\\RedditGapFinder\\dataconnect": could not find dataconnect.yaml in `c:\meghna\Coding\proj\RedditGapFinder\dataconnect`
 {"metadata":{"emulator":{"name":"dataconnect"},"message":"E0519 12:16:40.294911   20140 watch.go:40] Failed to load config from \"c:\\\\meghna\\\\Coding\\\\proj\\\\RedditGapFinder\\\\dataconnect\": could not find dataconnect.yaml in `c:\\meghna\\Coding\\proj\\RedditGapFinder\\dataconnect`\n"}}
[debug] [2026-05-19T06:46:50.774Z] E0519 12:16:50.773333   20140 watch.go:40] Failed to load config from "c:\\meghna\\Coding\\proj\\RedditGapFinder\\dataconnect": could not find dataconnect.yaml in `c:\meghna\Coding\proj\RedditGapFinder\dataconnect`
 {"metadata":{"emulator":{"name":"dataconnect"},"message":"E0519 12:16:50.773333   20140 watch.go:40] Failed to load config from \"c:\\\\meghna\\\\Coding\\\\proj\\\\RedditGapFinder\\\\dataconnect\": could not find dataconnect.yaml in `c:\\meghna\\Coding\\proj\\RedditGapFinder\\dataconnect`\n"}}
[debug] [2026-05-19T06:47:02.726Z] E0519 12:17:00.295368   20140 watch.go:40] Failed to load config from "c:\\meghna\\Coding\\proj\\RedditGapFinder\\dataconnect": could not find dataconnect.yaml in `c:\meghna\Coding\proj\RedditGapFinder\dataconnect`
 {"metadata":{"emulator":{"name":"dataconnect"},"message":"E0519 12:17:00.295368   20140 watch.go:40] Failed to load config from \"c:\\\\meghna\\\\Coding\\\\proj\\\\RedditGapFinder\\\\dataconnect\": could not find dataconnect.yaml in `c:\\meghna\\Coding\\proj\\RedditGapFinder\\dataconnect`\n"}}
[debug] [2026-05-19T06:47:11.018Z] E0519 12:17:10.294676   20140 watch.go:40] Failed to load config from "c:\\meghna\\Coding\\proj\\RedditGapFinder\\dataconnect": could not find dataconnect.yaml in `c:\meghna\Coding\proj\RedditGapFinder\dataconnect`
 {"metadata":{"emulator":{"name":"dataconnect"},"message":"E0519 12:17:10.294676   20140 watch.go:40] Failed to load config from \"c:\\\\meghna\\\\Coding\\\\proj\\\\RedditGapFinder\\\\dataconnect\": could not find dataconnect.yaml in `c:\\meghna\\Coding\\proj\\RedditGapFinder\\dataconnect`\n"}}
[debug] [2026-05-19T06:47:20.294Z] E0519 12:17:20.295284   20140 watch.go:40] Failed to load config from "c:\\meghna\\Coding\\proj\\RedditGapFinder\\dataconnect": could not find dataconnect.yaml in `c:\meghna\Coding\proj\RedditGapFinder\dataconnect`
 {"metadata":{"emulator":{"name":"dataconnect"},"message":"E0519 12:17:20.295284   20140 watch.go:40] Failed to load config from \"c:\\\\meghna\\\\Coding\\\\proj\\\\RedditGapFinder\\\\dataconnect\": could not find dataconnect.yaml in `c:\\meghna\\Coding\\proj\\RedditGapFinder\\dataconnect`\n"}}
[debug] [2026-05-19T06:47:30.342Z] E0519 12:17:30.294388   20140 watch.go:116] watchAllDir unable to walk dir `c:\meghna\Coding\proj\RedditGapFinder\dataconnect`: GetFileAttributesEx c:\meghna\Coding\proj\RedditGapFinder\dataconnect: The system cannot find the file specified.
E0519 12:17:30.295016   20140 watch.go:40] Failed to load config from "c:\\meghna\\Coding\\proj\\RedditGapFinder\\dataconnect": could not find dataconnect.yaml in `c:\meghna\Coding\proj\RedditGapFinder\dataconnect`
 {"metadata":{"emulator":{"name":"dataconnect"},"message":"E0519 12:17:30.294388   20140 watch.go:116] watchAllDir unable to walk dir `c:\\meghna\\Coding\\proj\\RedditGapFinder\\dataconnect`: GetFileAttributesEx c:\\meghna\\Coding\\proj\\RedditGapFinder\\dataconnect: The system cannot find the file specified.\nE0519 12:17:30.295016   20140 watch.go:40] Failed to load config from \"c:\\\\meghna\\\\Coding\\\\proj\\\\RedditGapFinder\\\\dataconnect\": could not find dataconnect.yaml in `c:\\meghna\\Coding\\proj\\RedditGapFinder\\dataconnect`\n"}}
[debug] [2026-05-19T06:47:40.294Z] E0519 12:17:40.294636   20140 watch.go:40] Failed to load config from "c:\\meghna\\Coding\\proj\\RedditGapFinder\\dataconnect": could not find dataconnect.yaml in `c:\meghna\Coding\proj\RedditGapFinder\dataconnect`
 {"metadata":{"emulator":{"name":"dataconnect"},"message":"E0519 12:17:40.294636   20140 watch.go:40] Failed to load config from \"c:\\\\meghna\\\\Coding\\\\proj\\\\RedditGapFinder\\\\dataconnect\": could not find dataconnect.yaml in `c:\\meghna\\Coding\\proj\\RedditGapFinder\\dataconnect`\n"}}
[debug] [2026-05-19T06:47:50.293Z] E0519 12:17:50.294493   20140 watch.go:40] Failed to load config from "c:\\meghna\\Coding\\proj\\RedditGapFinder\\dataconnect": could not find dataconnect.yaml in `c:\meghna\Coding\proj\RedditGapFinder\dataconnect`
 {"metadata":{"emulator":{"name":"dataconnect"},"message":"E0519 12:17:50.294493   20140 watch.go:40] Failed to load config from \"c:\\\\meghna\\\\Coding\\\\proj\\\\RedditGapFinder\\\\dataconnect\": could not find dataconnect.yaml in `c:\\meghna\\Coding\\proj\\RedditGapFinder\\dataconnect`\n"}}
[debug] [2026-05-19T06:48:00.293Z] E0519 12:18:00.294336   20140 watch.go:40] Failed to load config from "c:\\meghna\\Coding\\proj\\RedditGapFinder\\dataconnect": could not find dataconnect.yaml in `c:\meghna\Coding\proj\RedditGapFinder\dataconnect`
 {"metadata":{"emulator":{"name":"dataconnect"},"message":"E0519 12:18:00.294336   20140 watch.go:40] Failed to load config from \"c:\\\\meghna\\\\Coding\\\\proj\\\\RedditGapFinder\\\\dataconnect\": could not find dataconnect.yaml in `c:\\meghna\\Coding\\proj\\RedditGapFinder\\dataconnect`\n"}}
[debug] [2026-05-19T06:48:10.295Z] E0519 12:18:10.294668   20140 watch.go:40] Failed to load config from "c:\\meghna\\Coding\\proj\\RedditGapFinder\\dataconnect": could not find dataconnect.yaml in `c:\meghna\Coding\proj\RedditGapFinder\dataconnect`
 {"metadata":{"emulator":{"name":"dataconnect"},"message":"E0519 12:18:10.294668   20140 watch.go:40] Failed to load config from \"c:\\\\meghna\\\\Coding\\\\proj\\\\RedditGapFinder\\\\dataconnect\": could not find dataconnect.yaml in `c:\\meghna\\Coding\\proj\\RedditGapFinder\\dataconnect`\n"}}
[debug] [2026-05-19T06:48:20.295Z] E0519 12:18:20.294375   20140 watch.go:40] Failed to load config from "c:\\meghna\\Coding\\proj\\RedditGapFinder\\dataconnect": could not find dataconnect.yaml in `c:\meghna\Coding\proj\RedditGapFinder\dataconnect`
 {"metadata":{"emulator":{"name":"dataconnect"},"message":"E0519 12:18:20.294375   20140 watch.go:40] Failed to load config from \"c:\\\\meghna\\\\Coding\\\\proj\\\\RedditGapFinder\\\\dataconnect\": could not find dataconnect.yaml in `c:\\meghna\\Coding\\proj\\RedditGapFinder\\dataconnect`\n"}}
[debug] [2026-05-19T06:48:30.294Z] E0519 12:18:30.294180   20140 watch.go:116] watchAllDir unable to walk dir `c:\meghna\Coding\proj\RedditGapFinder\dataconnect`: GetFileAttributesEx c:\meghna\Coding\proj\RedditGapFinder\dataconnect: The system cannot find the file specified.
E0519 12:18:30.294690   20140 watch.go:40] Failed to load config from "c:\\meghna\\Coding\\proj\\RedditGapFinder\\dataconnect": could not find dataconnect.yaml in `c:\meghna\Coding\proj\RedditGapFinder\dataconnect`
 {"metadata":{"emulator":{"name":"dataconnect"},"message":"E0519 12:18:30.294180   20140 watch.go:116] watchAllDir unable to walk dir `c:\\meghna\\Coding\\proj\\RedditGapFinder\\dataconnect`: GetFileAttributesEx c:\\meghna\\Coding\\proj\\RedditGapFinder\\dataconnect: The system cannot find the file specified.\nE0519 12:18:30.294690   20140 watch.go:40] Failed to load config from \"c:\\\\meghna\\\\Coding\\\\proj\\\\RedditGapFinder\\\\dataconnect\": could not find dataconnect.yaml in `c:\\meghna\\Coding\\proj\\RedditGapFinder\\dataconnect`\n"}}
[debug] [2026-05-19T06:48:40.295Z] E0519 12:18:40.294573   20140 watch.go:40] Failed to load config from "c:\\meghna\\Coding\\proj\\RedditGapFinder\\dataconnect": could not find dataconnect.yaml in `c:\meghna\Coding\proj\RedditGapFinder\dataconnect`
 {"metadata":{"emulator":{"name":"dataconnect"},"message":"E0519 12:18:40.294573   20140 watch.go:40] Failed to load config from \"c:\\\\meghna\\\\Coding\\\\proj\\\\RedditGapFinder\\\\dataconnect\": could not find dataconnect.yaml in `c:\\meghna\\Coding\\proj\\RedditGapFinder\\dataconnect`\n"}}
[debug] [2026-05-19T06:48:50.295Z] E0519 12:18:50.294497   20140 watch.go:40] Failed to load config from "c:\\meghna\\Coding\\proj\\RedditGapFinder\\dataconnect": could not find dataconnect.yaml in `c:\meghna\Coding\proj\RedditGapFinder\dataconnect`
 {"metadata":{"emulator":{"name":"dataconnect"},"message":"E0519 12:18:50.294497   20140 watch.go:40] Failed to load config from \"c:\\\\meghna\\\\Coding\\\\proj\\\\RedditGapFinder\\\\dataconnect\": could not find dataconnect.yaml in `c:\\meghna\\Coding\\proj\\RedditGapFinder\\dataconnect`\n"}}
[debug] [2026-05-19T06:49:00.299Z] E0519 12:19:00.299135   20140 watch.go:40] Failed to load config from "c:\\meghna\\Coding\\proj\\RedditGapFinder\\dataconnect": could not find dataconnect.yaml in `c:\meghna\Coding\proj\RedditGapFinder\dataconnect`
 {"metadata":{"emulator":{"name":"dataconnect"},"message":"E0519 12:19:00.299135   20140 watch.go:40] Failed to load config from \"c:\\\\meghna\\\\Coding\\\\proj\\\\RedditGapFinder\\\\dataconnect\": could not find dataconnect.yaml in `c:\\meghna\\Coding\\proj\\RedditGapFinder\\dataconnect`\n"}}
[debug] [2026-05-19T06:49:10.295Z] E0519 12:19:10.294241   20140 watch.go:40] Failed to load config from "c:\\meghna\\Coding\\proj\\RedditGapFinder\\dataconnect": could not find dataconnect.yaml in `c:\meghna\Coding\proj\RedditGapFinder\dataconnect`
 {"metadata":{"emulator":{"name":"dataconnect"},"message":"E0519 12:19:10.294241   20140 watch.go:40] Failed to load config from \"c:\\\\meghna\\\\Coding\\\\proj\\\\RedditGapFinder\\\\dataconnect\": could not find dataconnect.yaml in `c:\\meghna\\Coding\\proj\\RedditGapFinder\\dataconnect`\n"}}
[debug] [2026-05-19T06:49:20.314Z] E0519 12:19:20.314097   20140 watch.go:40] Failed to load config from "c:\\meghna\\Coding\\proj\\RedditGapFinder\\dataconnect": could not find dataconnect.yaml in `c:\meghna\Coding\proj\RedditGapFinder\dataconnect`
 {"metadata":{"emulator":{"name":"dataconnect"},"message":"E0519 12:19:20.314097   20140 watch.go:40] Failed to load config from \"c:\\\\meghna\\\\Coding\\\\proj\\\\RedditGapFinder\\\\dataconnect\": could not find dataconnect.yaml in `c:\\meghna\\Coding\\proj\\RedditGapFinder\\dataconnect`\n"}}
[debug] [2026-05-19T06:49:30.294Z] E0519 12:19:30.294281   20140 watch.go:116] watchAllDir unable to walk dir `c:\meghna\Coding\proj\RedditGapFinder\dataconnect`: GetFileAttributesEx c:\meghna\Coding\proj\RedditGapFinder\dataconnect: The system cannot find the file specified.
E0519 12:19:30.294890   20140 watch.go:40] Failed to load config from "c:\\meghna\\Coding\\proj\\RedditGapFinder\\dataconnect": could not find dataconnect.yaml in `c:\meghna\Coding\proj\RedditGapFinder\dataconnect`
 {"metadata":{"emulator":{"name":"dataconnect"},"message":"E0519 12:19:30.294281   20140 watch.go:116] watchAllDir unable to walk dir `c:\\meghna\\Coding\\proj\\RedditGapFinder\\dataconnect`: GetFileAttributesEx c:\\meghna\\Coding\\proj\\RedditGapFinder\\dataconnect: The system cannot find the file specified.\nE0519 12:19:30.294890   20140 watch.go:40] Failed to load config from \"c:\\\\meghna\\\\Coding\\\\proj\\\\RedditGapFinder\\\\dataconnect\": could not find dataconnect.yaml in `c:\\meghna\\Coding\\proj\\RedditGapFinder\\dataconnect`\n"}}
[debug] [2026-05-19T06:49:40.295Z] E0519 12:19:40.294911   20140 watch.go:40] Failed to load config from "c:\\meghna\\Coding\\proj\\RedditGapFinder\\dataconnect": could not find dataconnect.yaml in `c:\meghna\Coding\proj\RedditGapFinder\dataconnect`
 {"metadata":{"emulator":{"name":"dataconnect"},"message":"E0519 12:19:40.294911   20140 watch.go:40] Failed to load config from \"c:\\\\meghna\\\\Coding\\\\proj\\\\RedditGapFinder\\\\dataconnect\": could not find dataconnect.yaml in `c:\\meghna\\Coding\\proj\\RedditGapFinder\\dataconnect`\n"}}
[debug] [2026-05-19T06:49:50.294Z] E0519 12:19:50.294126   20140 watch.go:40] Failed to load config from "c:\\meghna\\Coding\\proj\\RedditGapFinder\\dataconnect": could not find dataconnect.yaml in `c:\meghna\Coding\proj\RedditGapFinder\dataconnect`
 {"metadata":{"emulator":{"name":"dataconnect"},"message":"E0519 12:19:50.294126   20140 watch.go:40] Failed to load config from \"c:\\\\meghna\\\\Coding\\\\proj\\\\RedditGapFinder\\\\dataconnect\": could not find dataconnect.yaml in `c:\\meghna\\Coding\\proj\\RedditGapFinder\\dataconnect`\n"}}
[debug] [2026-05-19T06:50:00.294Z] E0519 12:20:00.294084   20140 watch.go:40] Failed to load config from "c:\\meghna\\Coding\\proj\\RedditGapFinder\\dataconnect": could not find dataconnect.yaml in `c:\meghna\Coding\proj\RedditGapFinder\dataconnect`
 {"metadata":{"emulator":{"name":"dataconnect"},"message":"E0519 12:20:00.294084   20140 watch.go:40] Failed to load config from \"c:\\\\meghna\\\\Coding\\\\proj\\\\RedditGapFinder\\\\dataconnect\": could not find dataconnect.yaml in `c:\\meghna\\Coding\\proj\\RedditGapFinder\\dataconnect`\n"}}
[debug] [2026-05-19T06:50:10.297Z] E0519 12:20:10.297306   20140 watch.go:40] Failed to load config from "c:\\meghna\\Coding\\proj\\RedditGapFinder\\dataconnect": could not find dataconnect.yaml in `c:\meghna\Coding\proj\RedditGapFinder\dataconnect`
 {"metadata":{"emulator":{"name":"dataconnect"},"message":"E0519 12:20:10.297306   20140 watch.go:40] Failed to load config from \"c:\\\\meghna\\\\Coding\\\\proj\\\\RedditGapFinder\\\\dataconnect\": could not find dataconnect.yaml in `c:\\meghna\\Coding\\proj\\RedditGapFinder\\dataconnect`\n"}}
[debug] [2026-05-19T06:50:20.295Z] E0519 12:20:20.294731   20140 watch.go:40] Failed to load config from "c:\\meghna\\Coding\\proj\\RedditGapFinder\\dataconnect": could not find dataconnect.yaml in `c:\meghna\Coding\proj\RedditGapFinder\dataconnect`
 {"metadata":{"emulator":{"name":"dataconnect"},"message":"E0519 12:20:20.294731   20140 watch.go:40] Failed to load config from \"c:\\\\meghna\\\\Coding\\\\proj\\\\RedditGapFinder\\\\dataconnect\": could not find dataconnect.yaml in `c:\\meghna\\Coding\\proj\\RedditGapFinder\\dataconnect`\n"}}
[debug] [2026-05-19T06:50:30.296Z] E0519 12:20:30.295810   20140 watch.go:116] watchAllDir unable to walk dir `c:\meghna\Coding\proj\RedditGapFinder\dataconnect`: GetFileAttributesEx c:\meghna\Coding\proj\RedditGapFinder\dataconnect: The system cannot find the file specified.
 {"metadata":{"emulator":{"name":"dataconnect"},"message":"E0519 12:20:30.295810   20140 watch.go:116] watchAllDir unable to walk dir `c:\\meghna\\Coding\\proj\\RedditGapFinder\\dataconnect`: GetFileAttributesEx c:\\meghna\\Coding\\proj\\RedditGapFinder\\dataconnect: The system cannot find the file specified.\n"}}
[debug] [2026-05-19T06:50:30.297Z] E0519 12:20:30.296809   20140 watch.go:40] Failed to load config from "c:\\meghna\\Coding\\proj\\RedditGapFinder\\dataconnect": could not find dataconnect.yaml in `c:\meghna\Coding\proj\RedditGapFinder\dataconnect`
 {"metadata":{"emulator":{"name":"dataconnect"},"message":"E0519 12:20:30.296809   20140 watch.go:40] Failed to load config from \"c:\\\\meghna\\\\Coding\\\\proj\\\\RedditGapFinder\\\\dataconnect\": could not find dataconnect.yaml in `c:\\meghna\\Coding\\proj\\RedditGapFinder\\dataconnect`\n"}}
[debug] [2026-05-19T06:50:40.296Z] E0519 12:20:40.295759   20140 watch.go:40] Failed to load config from "c:\\meghna\\Coding\\proj\\RedditGapFinder\\dataconnect": could not find dataconnect.yaml in `c:\meghna\Coding\proj\RedditGapFinder\dataconnect`
 {"metadata":{"emulator":{"name":"dataconnect"},"message":"E0519 12:20:40.295759   20140 watch.go:40] Failed to load config from \"c:\\\\meghna\\\\Coding\\\\proj\\\\RedditGapFinder\\\\dataconnect\": could not find dataconnect.yaml in `c:\\meghna\\Coding\\proj\\RedditGapFinder\\dataconnect`\n"}}
[debug] [2026-05-19T06:50:50.295Z] E0519 12:20:50.294991   20140 watch.go:40] Failed to load config from "c:\\meghna\\Coding\\proj\\RedditGapFinder\\dataconnect": could not find dataconnect.yaml in `c:\meghna\Coding\proj\RedditGapFinder\dataconnect`
 {"metadata":{"emulator":{"name":"dataconnect"},"message":"E0519 12:20:50.294991   20140 watch.go:40] Failed to load config from \"c:\\\\meghna\\\\Coding\\\\proj\\\\RedditGapFinder\\\\dataconnect\": could not find dataconnect.yaml in `c:\\meghna\\Coding\\proj\\RedditGapFinder\\dataconnect`\n"}}
[debug] [2026-05-19T06:51:00.295Z] E0519 12:21:00.294460   20140 watch.go:40] Failed to load config from "c:\\meghna\\Coding\\proj\\RedditGapFinder\\dataconnect": could not find dataconnect.yaml in `c:\meghna\Coding\proj\RedditGapFinder\dataconnect`
 {"metadata":{"emulator":{"name":"dataconnect"},"message":"E0519 12:21:00.294460   20140 watch.go:40] Failed to load config from \"c:\\\\meghna\\\\Coding\\\\proj\\\\RedditGapFinder\\\\dataconnect\": could not find dataconnect.yaml in `c:\\meghna\\Coding\\proj\\RedditGapFinder\\dataconnect`\n"}}
[debug] [2026-05-19T06:51:10.294Z] E0519 12:21:10.294494   20140 watch.go:40] Failed to load config from "c:\\meghna\\Coding\\proj\\RedditGapFinder\\dataconnect": could not find dataconnect.yaml in `c:\meghna\Coding\proj\RedditGapFinder\dataconnect`
 {"metadata":{"emulator":{"name":"dataconnect"},"message":"E0519 12:21:10.294494   20140 watch.go:40] Failed to load config from \"c:\\\\meghna\\\\Coding\\\\proj\\\\RedditGapFinder\\\\dataconnect\": could not find dataconnect.yaml in `c:\\meghna\\Coding\\proj\\RedditGapFinder\\dataconnect`\n"}}
[debug] [2026-05-19T06:51:20.294Z] E0519 12:21:20.294038   20140 watch.go:40] Failed to load config from "c:\\meghna\\Coding\\proj\\RedditGapFinder\\dataconnect": could not find dataconnect.yaml in `c:\meghna\Coding\proj\RedditGapFinder\dataconnect`
 {"metadata":{"emulator":{"name":"dataconnect"},"message":"E0519 12:21:20.294038   20140 watch.go:40] Failed to load config from \"c:\\\\meghna\\\\Coding\\\\proj\\\\RedditGapFinder\\\\dataconnect\": could not find dataconnect.yaml in `c:\\meghna\\Coding\\proj\\RedditGapFinder\\dataconnect`\n"}}
[debug] [2026-05-19T06:51:30.294Z] E0519 12:21:30.294321   20140 watch.go:40] Failed to load config from "c:\\meghna\\Coding\\proj\\RedditGapFinder\\dataconnect": could not find dataconnect.yaml in `c:\meghna\Coding\proj\RedditGapFinder\dataconnect`
E0519 12:21:30.294321   20140 watch.go:116] watchAllDir unable to walk dir `c:\meghna\Coding\proj\RedditGapFinder\dataconnect`: GetFileAttributesEx c:\meghna\Coding\proj\RedditGapFinder\dataconnect: The system cannot find the file specified.
 {"metadata":{"emulator":{"name":"dataconnect"},"message":"E0519 12:21:30.294321   20140 watch.go:40] Failed to load config from \"c:\\\\meghna\\\\Coding\\\\proj\\\\RedditGapFinder\\\\dataconnect\": could not find dataconnect.yaml in `c:\\meghna\\Coding\\proj\\RedditGapFinder\\dataconnect`\nE0519 12:21:30.294321   20140 watch.go:116] watchAllDir unable to walk dir `c:\\meghna\\Coding\\proj\\RedditGapFinder\\dataconnect`: GetFileAttributesEx c:\\meghna\\Coding\\proj\\RedditGapFinder\\dataconnect: The system cannot find the file specified.\n"}}
[debug] [2026-05-19T06:51:40.294Z] E0519 12:21:40.294400   20140 watch.go:40] Failed to load config from "c:\\meghna\\Coding\\proj\\RedditGapFinder\\dataconnect": could not find dataconnect.yaml in `c:\meghna\Coding\proj\RedditGapFinder\dataconnect`
 {"metadata":{"emulator":{"name":"dataconnect"},"message":"E0519 12:21:40.294400   20140 watch.go:40] Failed to load config from \"c:\\\\meghna\\\\Coding\\\\proj\\\\RedditGapFinder\\\\dataconnect\": could not find dataconnect.yaml in `c:\\meghna\\Coding\\proj\\RedditGapFinder\\dataconnect`\n"}}
[debug] [2026-05-19T06:51:50.295Z] E0519 12:21:50.294567   20140 watch.go:40] Failed to load config from "c:\\meghna\\Coding\\proj\\RedditGapFinder\\dataconnect": could not find dataconnect.yaml in `c:\meghna\Coding\proj\RedditGapFinder\dataconnect`
 {"metadata":{"emulator":{"name":"dataconnect"},"message":"E0519 12:21:50.294567   20140 watch.go:40] Failed to load config from \"c:\\\\meghna\\\\Coding\\\\proj\\\\RedditGapFinder\\\\dataconnect\": could not find dataconnect.yaml in `c:\\meghna\\Coding\\proj\\RedditGapFinder\\dataconnect`\n"}}
[debug] [2026-05-19T06:52:00.298Z] E0519 12:22:00.297596   20140 watch.go:40] Failed to load config from "c:\\meghna\\Coding\\proj\\RedditGapFinder\\dataconnect": could not find dataconnect.yaml in `c:\meghna\Coding\proj\RedditGapFinder\dataconnect`
 {"metadata":{"emulator":{"name":"dataconnect"},"message":"E0519 12:22:00.297596   20140 watch.go:40] Failed to load config from \"c:\\\\meghna\\\\Coding\\\\proj\\\\RedditGapFinder\\\\dataconnect\": could not find dataconnect.yaml in `c:\\meghna\\Coding\\proj\\RedditGapFinder\\dataconnect`\n"}}
[debug] [2026-05-19T06:52:10.302Z] E0519 12:22:10.301826   20140 watch.go:40] Failed to load config from "c:\\meghna\\Coding\\proj\\RedditGapFinder\\dataconnect": could not find dataconnect.yaml in `c:\meghna\Coding\proj\RedditGapFinder\dataconnect`
 {"metadata":{"emulator":{"name":"dataconnect"},"message":"E0519 12:22:10.301826   20140 watch.go:40] Failed to load config from \"c:\\\\meghna\\\\Coding\\\\proj\\\\RedditGapFinder\\\\dataconnect\": could not find dataconnect.yaml in `c:\\meghna\\Coding\\proj\\RedditGapFinder\\dataconnect`\n"}}
[debug] [2026-05-19T06:52:20.294Z] E0519 12:22:20.294554   20140 watch.go:40] Failed to load config from "c:\\meghna\\Coding\\proj\\RedditGapFinder\\dataconnect": could not find dataconnect.yaml in `c:\meghna\Coding\proj\RedditGapFinder\dataconnect`
 {"metadata":{"emulator":{"name":"dataconnect"},"message":"E0519 12:22:20.294554   20140 watch.go:40] Failed to load config from \"c:\\\\meghna\\\\Coding\\\\proj\\\\RedditGapFinder\\\\dataconnect\": could not find dataconnect.yaml in `c:\\meghna\\Coding\\proj\\RedditGapFinder\\dataconnect`\n"}}
[debug] [2026-05-19T06:52:30.294Z] E0519 12:22:30.294593   20140 watch.go:116] watchAllDir unable to walk dir `c:\meghna\Coding\proj\RedditGapFinder\dataconnect`: GetFileAttributesEx c:\meghna\Coding\proj\RedditGapFinder\dataconnect: The system cannot find the file specified.
E0519 12:22:30.295111   20140 watch.go:40] Failed to load config from "c:\\meghna\\Coding\\proj\\RedditGapFinder\\dataconnect": could not find dataconnect.yaml in `c:\meghna\Coding\proj\RedditGapFinder\dataconnect`
 {"metadata":{"emulator":{"name":"dataconnect"},"message":"E0519 12:22:30.294593   20140 watch.go:116] watchAllDir unable to walk dir `c:\\meghna\\Coding\\proj\\RedditGapFinder\\dataconnect`: GetFileAttributesEx c:\\meghna\\Coding\\proj\\RedditGapFinder\\dataconnect: The system cannot find the file specified.\nE0519 12:22:30.295111   20140 watch.go:40] Failed to load config from \"c:\\\\meghna\\\\Coding\\\\proj\\\\RedditGapFinder\\\\dataconnect\": could not find dataconnect.yaml in `c:\\meghna\\Coding\\proj\\RedditGapFinder\\dataconnect`\n"}}
[debug] [2026-05-19T06:52:40.293Z] E0519 12:22:40.294336   20140 watch.go:40] Failed to load config from "c:\\meghna\\Coding\\proj\\RedditGapFinder\\dataconnect": could not find dataconnect.yaml in `c:\meghna\Coding\proj\RedditGapFinder\dataconnect`
 {"metadata":{"emulator":{"name":"dataconnect"},"message":"E0519 12:22:40.294336   20140 watch.go:40] Failed to load config from \"c:\\\\meghna\\\\Coding\\\\proj\\\\RedditGapFinder\\\\dataconnect\": could not find dataconnect.yaml in `c:\\meghna\\Coding\\proj\\RedditGapFinder\\dataconnect`\n"}}
[debug] [2026-05-19T06:52:50.293Z] E0519 12:22:50.294214   20140 watch.go:40] Failed to load config from "c:\\meghna\\Coding\\proj\\RedditGapFinder\\dataconnect": could not find dataconnect.yaml in `c:\meghna\Coding\proj\RedditGapFinder\dataconnect`
 {"metadata":{"emulator":{"name":"dataconnect"},"message":"E0519 12:22:50.294214   20140 watch.go:40] Failed to load config from \"c:\\\\meghna\\\\Coding\\\\proj\\\\RedditGapFinder\\\\dataconnect\": could not find dataconnect.yaml in `c:\\meghna\\Coding\\proj\\RedditGapFinder\\dataconnect`\n"}}
[debug] [2026-05-19T06:53:00.293Z] E0519 12:23:00.294157   20140 watch.go:40] Failed to load config from "c:\\meghna\\Coding\\proj\\RedditGapFinder\\dataconnect": could not find dataconnect.yaml in `c:\meghna\Coding\proj\RedditGapFinder\dataconnect`
 {"metadata":{"emulator":{"name":"dataconnect"},"message":"E0519 12:23:00.294157   20140 watch.go:40] Failed to load config from \"c:\\\\meghna\\\\Coding\\\\proj\\\\RedditGapFinder\\\\dataconnect\": could not find dataconnect.yaml in `c:\\meghna\\Coding\\proj\\RedditGapFinder\\dataconnect`\n"}}
[debug] [2026-05-19T06:53:10.294Z] E0519 12:23:10.294586   20140 watch.go:40] Failed to load config from "c:\\meghna\\Coding\\proj\\RedditGapFinder\\dataconnect": could not find dataconnect.yaml in `c:\meghna\Coding\proj\RedditGapFinder\dataconnect`
 {"metadata":{"emulator":{"name":"dataconnect"},"message":"E0519 12:23:10.294586   20140 watch.go:40] Failed to load config from \"c:\\\\meghna\\\\Coding\\\\proj\\\\RedditGapFinder\\\\dataconnect\": could not find dataconnect.yaml in `c:\\meghna\\Coding\\proj\\RedditGapFinder\\dataconnect`\n"}}
[debug] [2026-05-19T06:53:20.295Z] E0519 12:23:20.294580   20140 watch.go:40] Failed to load config from "c:\\meghna\\Coding\\proj\\RedditGapFinder\\dataconnect": could not find dataconnect.yaml in `c:\meghna\Coding\proj\RedditGapFinder\dataconnect`
 {"metadata":{"emulator":{"name":"dataconnect"},"message":"E0519 12:23:20.294580   20140 watch.go:40] Failed to load config from \"c:\\\\meghna\\\\Coding\\\\proj\\\\RedditGapFinder\\\\dataconnect\": could not find dataconnect.yaml in `c:\\meghna\\Coding\\proj\\RedditGapFinder\\dataconnect`\n"}}
[debug] [2026-05-19T06:53:30.294Z] E0519 12:23:30.294516   20140 watch.go:116] watchAllDir unable to walk dir `c:\meghna\Coding\proj\RedditGapFinder\dataconnect`: GetFileAttributesEx c:\meghna\Coding\proj\RedditGapFinder\dataconnect: The system cannot find the file specified.
 {"metadata":{"emulator":{"name":"dataconnect"},"message":"E0519 12:23:30.294516   20140 watch.go:116] watchAllDir unable to walk dir `c:\\meghna\\Coding\\proj\\RedditGapFinder\\dataconnect`: GetFileAttributesEx c:\\meghna\\Coding\\proj\\RedditGapFinder\\dataconnect: The system cannot find the file specified.\n"}}
[debug] [2026-05-19T06:53:30.296Z] E0519 12:23:30.295119   20140 watch.go:40] Failed to load config from "c:\\meghna\\Coding\\proj\\RedditGapFinder\\dataconnect": could not find dataconnect.yaml in `c:\meghna\Coding\proj\RedditGapFinder\dataconnect`
 {"metadata":{"emulator":{"name":"dataconnect"},"message":"E0519 12:23:30.295119   20140 watch.go:40] Failed to load config from \"c:\\\\meghna\\\\Coding\\\\proj\\\\RedditGapFinder\\\\dataconnect\": could not find dataconnect.yaml in `c:\\meghna\\Coding\\proj\\RedditGapFinder\\dataconnect`\n"}}
[debug] [2026-05-19T06:53:40.295Z] E0519 12:23:40.294403   20140 watch.go:40] Failed to load config from "c:\\meghna\\Coding\\proj\\RedditGapFinder\\dataconnect": could not find dataconnect.yaml in `c:\meghna\Coding\proj\RedditGapFinder\dataconnect`
 {"metadata":{"emulator":{"name":"dataconnect"},"message":"E0519 12:23:40.294403   20140 watch.go:40] Failed to load config from \"c:\\\\meghna\\\\Coding\\\\proj\\\\RedditGapFinder\\\\dataconnect\": could not find dataconnect.yaml in `c:\\meghna\\Coding\\proj\\RedditGapFinder\\dataconnect`\n"}}
[debug] [2026-05-19T06:53:50.298Z] E0519 12:23:50.297951   20140 watch.go:40] Failed to load config from "c:\\meghna\\Coding\\proj\\RedditGapFinder\\dataconnect": could not find dataconnect.yaml in `c:\meghna\Coding\proj\RedditGapFinder\dataconnect`
 {"metadata":{"emulator":{"name":"dataconnect"},"message":"E0519 12:23:50.297951   20140 watch.go:40] Failed to load config from \"c:\\\\meghna\\\\Coding\\\\proj\\\\RedditGapFinder\\\\dataconnect\": could not find dataconnect.yaml in `c:\\meghna\\Coding\\proj\\RedditGapFinder\\dataconnect`\n"}}
[debug] [2026-05-19T06:54:00.294Z] E0519 12:24:00.294457   20140 watch.go:40] Failed to load config from "c:\\meghna\\Coding\\proj\\RedditGapFinder\\dataconnect": could not find dataconnect.yaml in `c:\meghna\Coding\proj\RedditGapFinder\dataconnect`
 {"metadata":{"emulator":{"name":"dataconnect"},"message":"E0519 12:24:00.294457   20140 watch.go:40] Failed to load config from \"c:\\\\meghna\\\\Coding\\\\proj\\\\RedditGapFinder\\\\dataconnect\": could not find dataconnect.yaml in `c:\\meghna\\Coding\\proj\\RedditGapFinder\\dataconnect`\n"}}
[debug] [2026-05-19T06:54:10.300Z] E0519 12:24:10.299994   20140 watch.go:40] Failed to load config from "c:\\meghna\\Coding\\proj\\RedditGapFinder\\dataconnect": could not find dataconnect.yaml in `c:\meghna\Coding\proj\RedditGapFinder\dataconnect`
 {"metadata":{"emulator":{"name":"dataconnect"},"message":"E0519 12:24:10.299994   20140 watch.go:40] Failed to load config from \"c:\\\\meghna\\\\Coding\\\\proj\\\\RedditGapFinder\\\\dataconnect\": could not find dataconnect.yaml in `c:\\meghna\\Coding\\proj\\RedditGapFinder\\dataconnect`\n"}}
[debug] [2026-05-19T06:54:20.295Z] E0519 12:24:20.295401   20140 watch.go:40] Failed to load config from "c:\\meghna\\Coding\\proj\\RedditGapFinder\\dataconnect": could not find dataconnect.yaml in `c:\meghna\Coding\proj\RedditGapFinder\dataconnect`
 {"metadata":{"emulator":{"name":"dataconnect"},"message":"E0519 12:24:20.295401   20140 watch.go:40] Failed to load config from \"c:\\\\meghna\\\\Coding\\\\proj\\\\RedditGapFinder\\\\dataconnect\": could not find dataconnect.yaml in `c:\\meghna\\Coding\\proj\\RedditGapFinder\\dataconnect`\n"}}
[debug] [2026-05-19T06:54:30.294Z] E0519 12:24:30.294438   20140 watch.go:116] watchAllDir unable to walk dir `c:\meghna\Coding\proj\RedditGapFinder\dataconnect`: GetFileAttributesEx c:\meghna\Coding\proj\RedditGapFinder\dataconnect: The system cannot find the file specified.
 {"metadata":{"emulator":{"name":"dataconnect"},"message":"E0519 12:24:30.294438   20140 watch.go:116] watchAllDir unable to walk dir `c:\\meghna\\Coding\\proj\\RedditGapFinder\\dataconnect`: GetFileAttributesEx c:\\meghna\\Coding\\proj\\RedditGapFinder\\dataconnect: The system cannot find the file specified.\n"}}
[debug] [2026-05-19T06:54:30.296Z] E0519 12:24:30.294796   20140 watch.go:40] Failed to load config from "c:\\meghna\\Coding\\proj\\RedditGapFinder\\dataconnect": could not find dataconnect.yaml in `c:\meghna\Coding\proj\RedditGapFinder\dataconnect`
 {"metadata":{"emulator":{"name":"dataconnect"},"message":"E0519 12:24:30.294796   20140 watch.go:40] Failed to load config from \"c:\\\\meghna\\\\Coding\\\\proj\\\\RedditGapFinder\\\\dataconnect\": could not find dataconnect.yaml in `c:\\meghna\\Coding\\proj\\RedditGapFinder\\dataconnect`\n"}}
[debug] [2026-05-19T06:54:40.296Z] E0519 12:24:40.295745   20140 watch.go:40] Failed to load config from "c:\\meghna\\Coding\\proj\\RedditGapFinder\\dataconnect": could not find dataconnect.yaml in `c:\meghna\Coding\proj\RedditGapFinder\dataconnect`
 {"metadata":{"emulator":{"name":"dataconnect"},"message":"E0519 12:24:40.295745   20140 watch.go:40] Failed to load config from \"c:\\\\meghna\\\\Coding\\\\proj\\\\RedditGapFinder\\\\dataconnect\": could not find dataconnect.yaml in `c:\\meghna\\Coding\\proj\\RedditGapFinder\\dataconnect`\n"}}
[debug] [2026-05-19T06:54:50.295Z] E0519 12:24:50.295087   20140 watch.go:40] Failed to load config from "c:\\meghna\\Coding\\proj\\RedditGapFinder\\dataconnect": could not find dataconnect.yaml in `c:\meghna\Coding\proj\RedditGapFinder\dataconnect`
 {"metadata":{"emulator":{"name":"dataconnect"},"message":"E0519 12:24:50.295087   20140 watch.go:40] Failed to load config from \"c:\\\\meghna\\\\Coding\\\\proj\\\\RedditGapFinder\\\\dataconnect\": could not find dataconnect.yaml in `c:\\meghna\\Coding\\proj\\RedditGapFinder\\dataconnect`\n"}}
[debug] [2026-05-19T06:55:00.294Z] E0519 12:25:00.294485   20140 watch.go:40] Failed to load config from "c:\\meghna\\Coding\\proj\\RedditGapFinder\\dataconnect": could not find dataconnect.yaml in `c:\meghna\Coding\proj\RedditGapFinder\dataconnect`
 {"metadata":{"emulator":{"name":"dataconnect"},"message":"E0519 12:25:00.294485   20140 watch.go:40] Failed to load config from \"c:\\\\meghna\\\\Coding\\\\proj\\\\RedditGapFinder\\\\dataconnect\": could not find dataconnect.yaml in `c:\\meghna\\Coding\\proj\\RedditGapFinder\\dataconnect`\n"}}
[debug] [2026-05-19T06:55:10.294Z] E0519 12:25:10.294496   20140 watch.go:40] Failed to load config from "c:\\meghna\\Coding\\proj\\RedditGapFinder\\dataconnect": could not find dataconnect.yaml in `c:\meghna\Coding\proj\RedditGapFinder\dataconnect`
 {"metadata":{"emulator":{"name":"dataconnect"},"message":"E0519 12:25:10.294496   20140 watch.go:40] Failed to load config from \"c:\\\\meghna\\\\Coding\\\\proj\\\\RedditGapFinder\\\\dataconnect\": could not find dataconnect.yaml in `c:\\meghna\\Coding\\proj\\RedditGapFinder\\dataconnect`\n"}}
[debug] [2026-05-19T06:55:20.294Z] E0519 12:25:20.294198   20140 watch.go:40] Failed to load config from "c:\\meghna\\Coding\\proj\\RedditGapFinder\\dataconnect": could not find dataconnect.yaml in `c:\meghna\Coding\proj\RedditGapFinder\dataconnect`
 {"metadata":{"emulator":{"name":"dataconnect"},"message":"E0519 12:25:20.294198   20140 watch.go:40] Failed to load config from \"c:\\\\meghna\\\\Coding\\\\proj\\\\RedditGapFinder\\\\dataconnect\": could not find dataconnect.yaml in `c:\\meghna\\Coding\\proj\\RedditGapFinder\\dataconnect`\n"}}
[debug] [2026-05-19T06:55:30.294Z] E0519 12:25:30.294142   20140 watch.go:116] watchAllDir unable to walk dir `c:\meghna\Coding\proj\RedditGapFinder\dataconnect`: GetFileAttributesEx c:\meghna\Coding\proj\RedditGapFinder\dataconnect: The system cannot find the file specified.
 {"metadata":{"emulator":{"name":"dataconnect"},"message":"E0519 12:25:30.294142   20140 watch.go:116] watchAllDir unable to walk dir `c:\\meghna\\Coding\\proj\\RedditGapFinder\\dataconnect`: GetFileAttributesEx c:\\meghna\\Coding\\proj\\RedditGapFinder\\dataconnect: The system cannot find the file specified.\n"}}
[debug] [2026-05-19T06:55:30.294Z] E0519 12:25:30.294506   20140 watch.go:40] Failed to load config from "c:\\meghna\\Coding\\proj\\RedditGapFinder\\dataconnect": could not find dataconnect.yaml in `c:\meghna\Coding\proj\RedditGapFinder\dataconnect`
 {"metadata":{"emulator":{"name":"dataconnect"},"message":"E0519 12:25:30.294506   20140 watch.go:40] Failed to load config from \"c:\\\\meghna\\\\Coding\\\\proj\\\\RedditGapFinder\\\\dataconnect\": could not find dataconnect.yaml in `c:\\meghna\\Coding\\proj\\RedditGapFinder\\dataconnect`\n"}}
[info] [Firebase Plugin] Stopping SQL Connect toolkit
[warn] !  SQL Connect Emulator has exited upon receiving signal: SIGINT 
[debug] [2026-05-19T06:55:51.152Z] [Firebase Plugin] Activating Firebase extension.
[debug] [2026-05-19T06:55:58.079Z] [Firebase Plugin] requireAuthWrapper
[debug] [2026-05-19T06:55:58.082Z] > command requires scopes: ["email","openid","https://www.googleapis.com/auth/cloudplatformprojects.readonly","https://www.googleapis.com/auth/firebase","https://www.googleapis.com/auth/cloud-platform"]
[debug] [2026-05-19T06:55:58.082Z] > authorizing via signed-in user (meghanasingareddy@gmail.com)
[debug] [2026-05-19T06:55:58.086Z] Checked if tokens are valid: true, expires at: 1779176608130
[debug] [2026-05-19T06:55:58.087Z] Checked if tokens are valid: true, expires at: 1779176608130
[debug] [2026-05-19T06:55:58.087Z] [Firebase Plugin] User found:  meghanasingareddy@gmail.com
[info] [Firebase Plugin] (Core:Project) New user detected, fetching projects
[debug] [2026-05-19T06:55:58.088Z] Checked if tokens are valid: true, expires at: 1779176608130
[debug] [2026-05-19T06:55:58.090Z] >>> [apiv2][query] GET https://firebase.googleapis.com/v1beta1/projects pageSize=1000
[debug] [2026-05-19T06:55:58.100Z] [Firebase Plugin] VSCode notification server listening on port 40001
[info] [Firebase Plugin] Starting SQL Connect toolkit (version 3.4.6) on port 50001
[debug] [2026-05-19T06:55:58.868Z] 'fdc build' failed with error: Unable to build your SQL Connect schema and connectors (exit code 1): E0519 12:25:58.862513   19352 cmd.go:43] Error loading data connect config: could not find dataconnect.yaml in `c:\meghna\Coding\proj\RedditGapFinder\dataconnect`
 {"metadata":{"emulator":{"name":"dataconnect"},"message":"'fdc build' failed with error: Unable to build your SQL Connect schema and connectors (exit code 1): E0519 12:25:58.862513   19352 cmd.go:43] Error loading data connect config: could not find dataconnect.yaml in `c:\\meghna\\Coding\\proj\\RedditGapFinder\\dataconnect`\n"}}
[debug] [2026-05-19T06:55:58.869Z] Ignoring unsupported arg: auto_download {"metadata":{"emulator":{"name":"dataconnect"},"message":"Ignoring unsupported arg: auto_download"}}
[debug] [2026-05-19T06:55:58.869Z] Ignoring unsupported arg: port {"metadata":{"emulator":{"name":"dataconnect"},"message":"Ignoring unsupported arg: port"}}
[debug] [2026-05-19T06:55:58.870Z] Starting SQL Connect Emulator with command {"binary":"C:\\Users\\megha\\.cache\\firebase\\emulators\\dataconnect-emulator-3.4.6.exe","args":["--logtostderr","-v=2","dev","--listen=localhost:50001","--config_dir=c:\\meghna\\Coding\\proj\\RedditGapFinder\\dataconnect","--enable_output_schema_extensions=true","--enable_output_generated_sdk=true"],"optionalArgs":["listen","config_dir","enable_output_schema_extensions","enable_output_generated_sdk"],"joinArgs":true,"shell":false,"port":9399} {"metadata":{"emulator":{"name":"dataconnect"},"message":"Starting SQL Connect Emulator with command {\"binary\":\"C:\\\\Users\\\\megha\\\\.cache\\\\firebase\\\\emulators\\\\dataconnect-emulator-3.4.6.exe\",\"args\":[\"--logtostderr\",\"-v=2\",\"dev\",\"--listen=localhost:50001\",\"--config_dir=c:\\\\meghna\\\\Coding\\\\proj\\\\RedditGapFinder\\\\dataconnect\",\"--enable_output_schema_extensions=true\",\"--enable_output_generated_sdk=true\"],\"optionalArgs\":[\"listen\",\"config_dir\",\"enable_output_schema_extensions\",\"enable_output_generated_sdk\"],\"joinArgs\":true,\"shell\":false,\"port\":9399}"}}
[info] i  dataconnect: SQL Connect Emulator logging to dataconnect-debug.log {"metadata":{"emulator":{"name":"dataconnect"},"message":"SQL Connect Emulator logging to \u001b[1mdataconnect-debug.log\u001b[22m"}}
[debug] [2026-05-19T06:55:58.892Z] <<< [apiv2][status] GET https://firebase.googleapis.com/v1beta1/projects 200
[debug] [2026-05-19T06:55:58.892Z] <<< [apiv2][body] GET https://firebase.googleapis.com/v1beta1/projects [omitted]
[debug] [2026-05-19T06:55:58.923Z] E0519 12:25:58.922012    5652 dev.go:83] Failed to load initial config from "c:\\meghna\\Coding\\proj\\RedditGapFinder\\dataconnect": could not find dataconnect.yaml in `c:\meghna\Coding\proj\RedditGapFinder\dataconnect`
 {"metadata":{"emulator":{"name":"dataconnect"},"message":"E0519 12:25:58.922012    5652 dev.go:83] Failed to load initial config from \"c:\\\\meghna\\\\Coding\\\\proj\\\\RedditGapFinder\\\\dataconnect\": could not find dataconnect.yaml in `c:\\meghna\\Coding\\proj\\RedditGapFinder\\dataconnect`\n"}}
[debug] [2026-05-19T06:55:58.923Z] E0519 12:25:58.923011    5652 watch.go:116] watchAllDir unable to walk dir `c:\meghna\Coding\proj\RedditGapFinder\dataconnect`: GetFileAttributesEx c:\meghna\Coding\proj\RedditGapFinder\dataconnect: The system cannot find the file specified.
 {"metadata":{"emulator":{"name":"dataconnect"},"message":"E0519 12:25:58.923011    5652 watch.go:116] watchAllDir unable to walk dir `c:\\meghna\\Coding\\proj\\RedditGapFinder\\dataconnect`: GetFileAttributesEx c:\\meghna\\Coding\\proj\\RedditGapFinder\\dataconnect: The system cannot find the file specified.\n"}}
[debug] [2026-05-19T06:55:58.938Z] I0519 12:25:58.937829    5652 dev.go:104] Listening on address (HTTP + gRPC): 127.0.0.1:50001
 {"metadata":{"emulator":{"name":"dataconnect"},"message":"I0519 12:25:58.937829    5652 dev.go:104] Listening on address (HTTP + gRPC): 127.0.0.1:50001\n"}}
[error] [Firebase Plugin] error:  {}
[debug] [2026-05-19T06:56:08.924Z] E0519 12:26:08.924008    5652 watch.go:40] Failed to load config from "c:\\meghna\\Coding\\proj\\RedditGapFinder\\dataconnect": could not find dataconnect.yaml in `c:\meghna\Coding\proj\RedditGapFinder\dataconnect`
 {"metadata":{"emulator":{"name":"dataconnect"},"message":"E0519 12:26:08.924008    5652 watch.go:40] Failed to load config from \"c:\\\\meghna\\\\Coding\\\\proj\\\\RedditGapFinder\\\\dataconnect\": could not find dataconnect.yaml in `c:\\meghna\\Coding\\proj\\RedditGapFinder\\dataconnect`\n"}}
[debug] [2026-05-19T06:56:18.924Z] E0519 12:26:18.923309    5652 watch.go:40] Failed to load config from "c:\\meghna\\Coding\\proj\\RedditGapFinder\\dataconnect": could not find dataconnect.yaml in `c:\meghna\Coding\proj\RedditGapFinder\dataconnect`
 {"metadata":{"emulator":{"name":"dataconnect"},"message":"E0519 12:26:18.923309    5652 watch.go:40] Failed to load config from \"c:\\\\meghna\\\\Coding\\\\proj\\\\RedditGapFinder\\\\dataconnect\": could not find dataconnect.yaml in `c:\\meghna\\Coding\\proj\\RedditGapFinder\\dataconnect`\n"}}
[debug] [2026-05-19T06:56:28.924Z] E0519 12:26:28.923476    5652 watch.go:40] Failed to load config from "c:\\meghna\\Coding\\proj\\RedditGapFinder\\dataconnect": could not find dataconnect.yaml in `c:\meghna\Coding\proj\RedditGapFinder\dataconnect`
 {"metadata":{"emulator":{"name":"dataconnect"},"message":"E0519 12:26:28.923476    5652 watch.go:40] Failed to load config from \"c:\\\\meghna\\\\Coding\\\\proj\\\\RedditGapFinder\\\\dataconnect\": could not find dataconnect.yaml in `c:\\meghna\\Coding\\proj\\RedditGapFinder\\dataconnect`\n"}}
[debug] [2026-05-19T06:56:38.924Z] E0519 12:26:38.923256    5652 watch.go:40] Failed to load config from "c:\\meghna\\Coding\\proj\\RedditGapFinder\\dataconnect": could not find dataconnect.yaml in `c:\meghna\Coding\proj\RedditGapFinder\dataconnect`
 {"metadata":{"emulator":{"name":"dataconnect"},"message":"E0519 12:26:38.923256    5652 watch.go:40] Failed to load config from \"c:\\\\meghna\\\\Coding\\\\proj\\\\RedditGapFinder\\\\dataconnect\": could not find dataconnect.yaml in `c:\\meghna\\Coding\\proj\\RedditGapFinder\\dataconnect`\n"}}
[debug] [2026-05-19T06:56:48.923Z] E0519 12:26:48.923487    5652 watch.go:40] Failed to load config from "c:\\meghna\\Coding\\proj\\RedditGapFinder\\dataconnect": could not find dataconnect.yaml in `c:\meghna\Coding\proj\RedditGapFinder\dataconnect`
 {"metadata":{"emulator":{"name":"dataconnect"},"message":"E0519 12:26:48.923487    5652 watch.go:40] Failed to load config from \"c:\\\\meghna\\\\Coding\\\\proj\\\\RedditGapFinder\\\\dataconnect\": could not find dataconnect.yaml in `c:\\meghna\\Coding\\proj\\RedditGapFinder\\dataconnect`\n"}}
[debug] [2026-05-19T06:56:58.924Z] E0519 12:26:58.923421    5652 watch.go:116] watchAllDir unable to walk dir `c:\meghna\Coding\proj\RedditGapFinder\dataconnect`: GetFileAttributesEx c:\meghna\Coding\proj\RedditGapFinder\dataconnect: The system cannot find the file specified.
E0519 12:26:58.923421    5652 watch.go:40] Failed to load config from "c:\\meghna\\Coding\\proj\\RedditGapFinder\\dataconnect": could not find dataconnect.yaml in `c:\meghna\Coding\proj\RedditGapFinder\dataconnect`
 {"metadata":{"emulator":{"name":"dataconnect"},"message":"E0519 12:26:58.923421    5652 watch.go:116] watchAllDir unable to walk dir `c:\\meghna\\Coding\\proj\\RedditGapFinder\\dataconnect`: GetFileAttributesEx c:\\meghna\\Coding\\proj\\RedditGapFinder\\dataconnect: The system cannot find the file specified.\nE0519 12:26:58.923421    5652 watch.go:40] Failed to load config from \"c:\\\\meghna\\\\Coding\\\\proj\\\\RedditGapFinder\\\\dataconnect\": could not find dataconnect.yaml in `c:\\meghna\\Coding\\proj\\RedditGapFinder\\dataconnect`\n"}}
[debug] [2026-05-19T06:57:08.925Z] E0519 12:27:08.924485    5652 watch.go:40] Failed to load config from "c:\\meghna\\Coding\\proj\\RedditGapFinder\\dataconnect": could not find dataconnect.yaml in `c:\meghna\Coding\proj\RedditGapFinder\dataconnect`
 {"metadata":{"emulator":{"name":"dataconnect"},"message":"E0519 12:27:08.924485    5652 watch.go:40] Failed to load config from \"c:\\\\meghna\\\\Coding\\\\proj\\\\RedditGapFinder\\\\dataconnect\": could not find dataconnect.yaml in `c:\\meghna\\Coding\\proj\\RedditGapFinder\\dataconnect`\n"}}
[debug] [2026-05-19T06:57:18.924Z] E0519 12:27:18.923929    5652 watch.go:40] Failed to load config from "c:\\meghna\\Coding\\proj\\RedditGapFinder\\dataconnect": could not find dataconnect.yaml in `c:\meghna\Coding\proj\RedditGapFinder\dataconnect`
 {"metadata":{"emulator":{"name":"dataconnect"},"message":"E0519 12:27:18.923929    5652 watch.go:40] Failed to load config from \"c:\\\\meghna\\\\Coding\\\\proj\\\\RedditGapFinder\\\\dataconnect\": could not find dataconnect.yaml in `c:\\meghna\\Coding\\proj\\RedditGapFinder\\dataconnect`\n"}}
[debug] [2026-05-19T06:57:28.923Z] E0519 12:27:28.923584    5652 watch.go:40] Failed to load config from "c:\\meghna\\Coding\\proj\\RedditGapFinder\\dataconnect": could not find dataconnect.yaml in `c:\meghna\Coding\proj\RedditGapFinder\dataconnect`
 {"metadata":{"emulator":{"name":"dataconnect"},"message":"E0519 12:27:28.923584    5652 watch.go:40] Failed to load config from \"c:\\\\meghna\\\\Coding\\\\proj\\\\RedditGapFinder\\\\dataconnect\": could not find dataconnect.yaml in `c:\\meghna\\Coding\\proj\\RedditGapFinder\\dataconnect`\n"}}
[debug] [2026-05-19T06:57:38.924Z] E0519 12:27:38.924143    5652 watch.go:40] Failed to load config from "c:\\meghna\\Coding\\proj\\RedditGapFinder\\dataconnect": could not find dataconnect.yaml in `c:\meghna\Coding\proj\RedditGapFinder\dataconnect`
 {"metadata":{"emulator":{"name":"dataconnect"},"message":"E0519 12:27:38.924143    5652 watch.go:40] Failed to load config from \"c:\\\\meghna\\\\Coding\\\\proj\\\\RedditGapFinder\\\\dataconnect\": could not find dataconnect.yaml in `c:\\meghna\\Coding\\proj\\RedditGapFinder\\dataconnect`\n"}}
[debug] [2026-05-19T06:57:48.924Z] E0519 12:27:48.924186    5652 watch.go:40] Failed to load config from "c:\\meghna\\Coding\\proj\\RedditGapFinder\\dataconnect": could not find dataconnect.yaml in `c:\meghna\Coding\proj\RedditGapFinder\dataconnect`
 {"metadata":{"emulator":{"name":"dataconnect"},"message":"E0519 12:27:48.924186    5652 watch.go:40] Failed to load config from \"c:\\\\meghna\\\\Coding\\\\proj\\\\RedditGapFinder\\\\dataconnect\": could not find dataconnect.yaml in `c:\\meghna\\Coding\\proj\\RedditGapFinder\\dataconnect`\n"}}
[debug] [2026-05-19T06:57:58.923Z] E0519 12:27:58.923269    5652 watch.go:116] watchAllDir unable to walk dir `c:\meghna\Coding\proj\RedditGapFinder\dataconnect`: GetFileAttributesEx c:\meghna\Coding\proj\RedditGapFinder\dataconnect: The system cannot find the file specified.
 {"metadata":{"emulator":{"name":"dataconnect"},"message":"E0519 12:27:58.923269    5652 watch.go:116] watchAllDir unable to walk dir `c:\\meghna\\Coding\\proj\\RedditGapFinder\\dataconnect`: GetFileAttributesEx c:\\meghna\\Coding\\proj\\RedditGapFinder\\dataconnect: The system cannot find the file specified.\n"}}
[debug] [2026-05-19T06:57:58.923Z] E0519 12:27:58.923269    5652 watch.go:40] Failed to load config from "c:\\meghna\\Coding\\proj\\RedditGapFinder\\dataconnect": could not find dataconnect.yaml in `c:\meghna\Coding\proj\RedditGapFinder\dataconnect`
 {"metadata":{"emulator":{"name":"dataconnect"},"message":"E0519 12:27:58.923269    5652 watch.go:40] Failed to load config from \"c:\\\\meghna\\\\Coding\\\\proj\\\\RedditGapFinder\\\\dataconnect\": could not find dataconnect.yaml in `c:\\meghna\\Coding\\proj\\RedditGapFinder\\dataconnect`\n"}}
[debug] [2026-05-19T06:58:08.924Z] E0519 12:28:08.924695    5652 watch.go:40] Failed to load config from "c:\\meghna\\Coding\\proj\\RedditGapFinder\\dataconnect": could not find dataconnect.yaml in `c:\meghna\Coding\proj\RedditGapFinder\dataconnect`
 {"metadata":{"emulator":{"name":"dataconnect"},"message":"E0519 12:28:08.924695    5652 watch.go:40] Failed to load config from \"c:\\\\meghna\\\\Coding\\\\proj\\\\RedditGapFinder\\\\dataconnect\": could not find dataconnect.yaml in `c:\\meghna\\Coding\\proj\\RedditGapFinder\\dataconnect`\n"}}
[debug] [2026-05-19T06:58:18.923Z] E0519 12:28:18.923880    5652 watch.go:40] Failed to load config from "c:\\meghna\\Coding\\proj\\RedditGapFinder\\dataconnect": could not find dataconnect.yaml in `c:\meghna\Coding\proj\RedditGapFinder\dataconnect`
 {"metadata":{"emulator":{"name":"dataconnect"},"message":"E0519 12:28:18.923880    5652 watch.go:40] Failed to load config from \"c:\\\\meghna\\\\Coding\\\\proj\\\\RedditGapFinder\\\\dataconnect\": could not find dataconnect.yaml in `c:\\meghna\\Coding\\proj\\RedditGapFinder\\dataconnect`\n"}}
[debug] [2026-05-19T06:58:28.924Z] E0519 12:28:28.924190    5652 watch.go:40] Failed to load config from "c:\\meghna\\Coding\\proj\\RedditGapFinder\\dataconnect": could not find dataconnect.yaml in `c:\meghna\Coding\proj\RedditGapFinder\dataconnect`
 {"metadata":{"emulator":{"name":"dataconnect"},"message":"E0519 12:28:28.924190    5652 watch.go:40] Failed to load config from \"c:\\\\meghna\\\\Coding\\\\proj\\\\RedditGapFinder\\\\dataconnect\": could not find dataconnect.yaml in `c:\\meghna\\Coding\\proj\\RedditGapFinder\\dataconnect`\n"}}
[debug] [2026-05-19T06:58:38.923Z] E0519 12:28:38.923677    5652 watch.go:40] Failed to load config from "c:\\meghna\\Coding\\proj\\RedditGapFinder\\dataconnect": could not find dataconnect.yaml in `c:\meghna\Coding\proj\RedditGapFinder\dataconnect`
 {"metadata":{"emulator":{"name":"dataconnect"},"message":"E0519 12:28:38.923677    5652 watch.go:40] Failed to load config from \"c:\\\\meghna\\\\Coding\\\\proj\\\\RedditGapFinder\\\\dataconnect\": could not find dataconnect.yaml in `c:\\meghna\\Coding\\proj\\RedditGapFinder\\dataconnect`\n"}}
[debug] [2026-05-19T06:58:48.924Z] E0519 12:28:48.923983    5652 watch.go:40] Failed to load config from "c:\\meghna\\Coding\\proj\\RedditGapFinder\\dataconnect": could not find dataconnect.yaml in `c:\meghna\Coding\proj\RedditGapFinder\dataconnect`
 {"metadata":{"emulator":{"name":"dataconnect"},"message":"E0519 12:28:48.923983    5652 watch.go:40] Failed to load config from \"c:\\\\meghna\\\\Coding\\\\proj\\\\RedditGapFinder\\\\dataconnect\": could not find dataconnect.yaml in `c:\\meghna\\Coding\\proj\\RedditGapFinder\\dataconnect`\n"}}
[debug] [2026-05-19T06:58:58.924Z] E0519 12:28:58.923468    5652 watch.go:116] watchAllDir unable to walk dir `c:\meghna\Coding\proj\RedditGapFinder\dataconnect`: GetFileAttributesEx c:\meghna\Coding\proj\RedditGapFinder\dataconnect: The system cannot find the file specified.
 {"metadata":{"emulator":{"name":"dataconnect"},"message":"E0519 12:28:58.923468    5652 watch.go:116] watchAllDir unable to walk dir `c:\\meghna\\Coding\\proj\\RedditGapFinder\\dataconnect`: GetFileAttributesEx c:\\meghna\\Coding\\proj\\RedditGapFinder\\dataconnect: The system cannot find the file specified.\n"}}
[debug] [2026-05-19T06:58:58.924Z] E0519 12:28:58.923986    5652 watch.go:40] Failed to load config from "c:\\meghna\\Coding\\proj\\RedditGapFinder\\dataconnect": could not find dataconnect.yaml in `c:\meghna\Coding\proj\RedditGapFinder\dataconnect`
 {"metadata":{"emulator":{"name":"dataconnect"},"message":"E0519 12:28:58.923986    5652 watch.go:40] Failed to load config from \"c:\\\\meghna\\\\Coding\\\\proj\\\\RedditGapFinder\\\\dataconnect\": could not find dataconnect.yaml in `c:\\meghna\\Coding\\proj\\RedditGapFinder\\dataconnect`\n"}}
[debug] [2026-05-19T06:59:08.924Z] E0519 12:29:08.923492    5652 watch.go:40] Failed to load config from "c:\\meghna\\Coding\\proj\\RedditGapFinder\\dataconnect": could not find dataconnect.yaml in `c:\meghna\Coding\proj\RedditGapFinder\dataconnect`
 {"metadata":{"emulator":{"name":"dataconnect"},"message":"E0519 12:29:08.923492    5652 watch.go:40] Failed to load config from \"c:\\\\meghna\\\\Coding\\\\proj\\\\RedditGapFinder\\\\dataconnect\": could not find dataconnect.yaml in `c:\\meghna\\Coding\\proj\\RedditGapFinder\\dataconnect`\n"}}
[debug] [2026-05-19T06:59:18.925Z] E0519 12:29:18.924615    5652 watch.go:40] Failed to load config from "c:\\meghna\\Coding\\proj\\RedditGapFinder\\dataconnect": could not find dataconnect.yaml in `c:\meghna\Coding\proj\RedditGapFinder\dataconnect`
 {"metadata":{"emulator":{"name":"dataconnect"},"message":"E0519 12:29:18.924615    5652 watch.go:40] Failed to load config from \"c:\\\\meghna\\\\Coding\\\\proj\\\\RedditGapFinder\\\\dataconnect\": could not find dataconnect.yaml in `c:\\meghna\\Coding\\proj\\RedditGapFinder\\dataconnect`\n"}}
[debug] [2026-05-19T06:59:28.924Z] E0519 12:29:28.923262    5652 watch.go:40] Failed to load config from "c:\\meghna\\Coding\\proj\\RedditGapFinder\\dataconnect": could not find dataconnect.yaml in `c:\meghna\Coding\proj\RedditGapFinder\dataconnect`
 {"metadata":{"emulator":{"name":"dataconnect"},"message":"E0519 12:29:28.923262    5652 watch.go:40] Failed to load config from \"c:\\\\meghna\\\\Coding\\\\proj\\\\RedditGapFinder\\\\dataconnect\": could not find dataconnect.yaml in `c:\\meghna\\Coding\\proj\\RedditGapFinder\\dataconnect`\n"}}
[debug] [2026-05-19T06:59:38.924Z] E0519 12:29:38.923652    5652 watch.go:40] Failed to load config from "c:\\meghna\\Coding\\proj\\RedditGapFinder\\dataconnect": could not find dataconnect.yaml in `c:\meghna\Coding\proj\RedditGapFinder\dataconnect`
 {"metadata":{"emulator":{"name":"dataconnect"},"message":"E0519 12:29:38.923652    5652 watch.go:40] Failed to load config from \"c:\\\\meghna\\\\Coding\\\\proj\\\\RedditGapFinder\\\\dataconnect\": could not find dataconnect.yaml in `c:\\meghna\\Coding\\proj\\RedditGapFinder\\dataconnect`\n"}}
[debug] [2026-05-19T06:59:48.924Z] E0519 12:29:48.923443    5652 watch.go:40] Failed to load config from "c:\\meghna\\Coding\\proj\\RedditGapFinder\\dataconnect": could not find dataconnect.yaml in `c:\meghna\Coding\proj\RedditGapFinder\dataconnect`
 {"metadata":{"emulator":{"name":"dataconnect"},"message":"E0519 12:29:48.923443    5652 watch.go:40] Failed to load config from \"c:\\\\meghna\\\\Coding\\\\proj\\\\RedditGapFinder\\\\dataconnect\": could not find dataconnect.yaml in `c:\\meghna\\Coding\\proj\\RedditGapFinder\\dataconnect`\n"}}
[debug] [2026-05-19T06:59:58.924Z] E0519 12:29:58.923656    5652 watch.go:116] watchAllDir unable to walk dir `c:\meghna\Coding\proj\RedditGapFinder\dataconnect`: GetFileAttributesEx c:\meghna\Coding\proj\RedditGapFinder\dataconnect: The system cannot find the file specified.
 {"metadata":{"emulator":{"name":"dataconnect"},"message":"E0519 12:29:58.923656    5652 watch.go:116] watchAllDir unable to walk dir `c:\\meghna\\Coding\\proj\\RedditGapFinder\\dataconnect`: GetFileAttributesEx c:\\meghna\\Coding\\proj\\RedditGapFinder\\dataconnect: The system cannot find the file specified.\n"}}
[debug] [2026-05-19T06:59:58.926Z] E0519 12:29:58.925453    5652 watch.go:40] Failed to load config from "c:\\meghna\\Coding\\proj\\RedditGapFinder\\dataconnect": could not find dataconnect.yaml in `c:\meghna\Coding\proj\RedditGapFinder\dataconnect`
 {"metadata":{"emulator":{"name":"dataconnect"},"message":"E0519 12:29:58.925453    5652 watch.go:40] Failed to load config from \"c:\\\\meghna\\\\Coding\\\\proj\\\\RedditGapFinder\\\\dataconnect\": could not find dataconnect.yaml in `c:\\meghna\\Coding\\proj\\RedditGapFinder\\dataconnect`\n"}}
[debug] [2026-05-19T07:00:08.924Z] E0519 12:30:08.924325    5652 watch.go:40] Failed to load config from "c:\\meghna\\Coding\\proj\\RedditGapFinder\\dataconnect": could not find dataconnect.yaml in `c:\meghna\Coding\proj\RedditGapFinder\dataconnect`
 {"metadata":{"emulator":{"name":"dataconnect"},"message":"E0519 12:30:08.924325    5652 watch.go:40] Failed to load config from \"c:\\\\meghna\\\\Coding\\\\proj\\\\RedditGapFinder\\\\dataconnect\": could not find dataconnect.yaml in `c:\\meghna\\Coding\\proj\\RedditGapFinder\\dataconnect`\n"}}
[debug] [2026-05-19T07:00:18.928Z] E0519 12:30:18.927719    5652 watch.go:40] Failed to load config from "c:\\meghna\\Coding\\proj\\RedditGapFinder\\dataconnect": could not find dataconnect.yaml in `c:\meghna\Coding\proj\RedditGapFinder\dataconnect`
 {"metadata":{"emulator":{"name":"dataconnect"},"message":"E0519 12:30:18.927719    5652 watch.go:40] Failed to load config from \"c:\\\\meghna\\\\Coding\\\\proj\\\\RedditGapFinder\\\\dataconnect\": could not find dataconnect.yaml in `c:\\meghna\\Coding\\proj\\RedditGapFinder\\dataconnect`\n"}}
[debug] [2026-05-19T07:00:28.924Z] E0519 12:30:28.924235    5652 watch.go:40] Failed to load config from "c:\\meghna\\Coding\\proj\\RedditGapFinder\\dataconnect": could not find dataconnect.yaml in `c:\meghna\Coding\proj\RedditGapFinder\dataconnect`
 {"metadata":{"emulator":{"name":"dataconnect"},"message":"E0519 12:30:28.924235    5652 watch.go:40] Failed to load config from \"c:\\\\meghna\\\\Coding\\\\proj\\\\RedditGapFinder\\\\dataconnect\": could not find dataconnect.yaml in `c:\\meghna\\Coding\\proj\\RedditGapFinder\\dataconnect`\n"}}
[debug] [2026-05-19T07:00:38.924Z] E0519 12:30:38.923533    5652 watch.go:40] Failed to load config from "c:\\meghna\\Coding\\proj\\RedditGapFinder\\dataconnect": could not find dataconnect.yaml in `c:\meghna\Coding\proj\RedditGapFinder\dataconnect`
 {"metadata":{"emulator":{"name":"dataconnect"},"message":"E0519 12:30:38.923533    5652 watch.go:40] Failed to load config from \"c:\\\\meghna\\\\Coding\\\\proj\\\\RedditGapFinder\\\\dataconnect\": could not find dataconnect.yaml in `c:\\meghna\\Coding\\proj\\RedditGapFinder\\dataconnect`\n"}}
[debug] [2026-05-19T07:00:48.924Z] E0519 12:30:48.923860    5652 watch.go:40] Failed to load config from "c:\\meghna\\Coding\\proj\\RedditGapFinder\\dataconnect": could not find dataconnect.yaml in `c:\meghna\Coding\proj\RedditGapFinder\dataconnect`
 {"metadata":{"emulator":{"name":"dataconnect"},"message":"E0519 12:30:48.923860    5652 watch.go:40] Failed to load config from \"c:\\\\meghna\\\\Coding\\\\proj\\\\RedditGapFinder\\\\dataconnect\": could not find dataconnect.yaml in `c:\\meghna\\Coding\\proj\\RedditGapFinder\\dataconnect`\n"}}
[debug] [2026-05-19T07:00:58.924Z] E0519 12:30:58.923523    5652 watch.go:116] watchAllDir unable to walk dir `c:\meghna\Coding\proj\RedditGapFinder\dataconnect`: GetFileAttributesEx c:\meghna\Coding\proj\RedditGapFinder\dataconnect: The system cannot find the file specified.
 {"metadata":{"emulator":{"name":"dataconnect"},"message":"E0519 12:30:58.923523    5652 watch.go:116] watchAllDir unable to walk dir `c:\\meghna\\Coding\\proj\\RedditGapFinder\\dataconnect`: GetFileAttributesEx c:\\meghna\\Coding\\proj\\RedditGapFinder\\dataconnect: The system cannot find the file specified.\n"}}
[debug] [2026-05-19T07:00:58.926Z] E0519 12:30:58.923523    5652 watch.go:40] Failed to load config from "c:\\meghna\\Coding\\proj\\RedditGapFinder\\dataconnect": could not find dataconnect.yaml in `c:\meghna\Coding\proj\RedditGapFinder\dataconnect`
 {"metadata":{"emulator":{"name":"dataconnect"},"message":"E0519 12:30:58.923523    5652 watch.go:40] Failed to load config from \"c:\\\\meghna\\\\Coding\\\\proj\\\\RedditGapFinder\\\\dataconnect\": could not find dataconnect.yaml in `c:\\meghna\\Coding\\proj\\RedditGapFinder\\dataconnect`\n"}}
[debug] [2026-05-19T07:01:08.924Z] E0519 12:31:08.923568    5652 watch.go:40] Failed to load config from "c:\\meghna\\Coding\\proj\\RedditGapFinder\\dataconnect": could not find dataconnect.yaml in `c:\meghna\Coding\proj\RedditGapFinder\dataconnect`
 {"metadata":{"emulator":{"name":"dataconnect"},"message":"E0519 12:31:08.923568    5652 watch.go:40] Failed to load config from \"c:\\\\meghna\\\\Coding\\\\proj\\\\RedditGapFinder\\\\dataconnect\": could not find dataconnect.yaml in `c:\\meghna\\Coding\\proj\\RedditGapFinder\\dataconnect`\n"}}
[debug] [2026-05-19T07:01:18.924Z] E0519 12:31:18.923608    5652 watch.go:40] Failed to load config from "c:\\meghna\\Coding\\proj\\RedditGapFinder\\dataconnect": could not find dataconnect.yaml in `c:\meghna\Coding\proj\RedditGapFinder\dataconnect`
 {"metadata":{"emulator":{"name":"dataconnect"},"message":"E0519 12:31:18.923608    5652 watch.go:40] Failed to load config from \"c:\\\\meghna\\\\Coding\\\\proj\\\\RedditGapFinder\\\\dataconnect\": could not find dataconnect.yaml in `c:\\meghna\\Coding\\proj\\RedditGapFinder\\dataconnect`\n"}}
[debug] [2026-05-19T07:01:28.925Z] E0519 12:31:28.924716    5652 watch.go:40] Failed to load config from "c:\\meghna\\Coding\\proj\\RedditGapFinder\\dataconnect": could not find dataconnect.yaml in `c:\meghna\Coding\proj\RedditGapFinder\dataconnect`
 {"metadata":{"emulator":{"name":"dataconnect"},"message":"E0519 12:31:28.924716    5652 watch.go:40] Failed to load config from \"c:\\\\meghna\\\\Coding\\\\proj\\\\RedditGapFinder\\\\dataconnect\": could not find dataconnect.yaml in `c:\\meghna\\Coding\\proj\\RedditGapFinder\\dataconnect`\n"}}
[debug] [2026-05-19T07:01:38.923Z] E0519 12:31:38.923349    5652 watch.go:40] Failed to load config from "c:\\meghna\\Coding\\proj\\RedditGapFinder\\dataconnect": could not find dataconnect.yaml in `c:\meghna\Coding\proj\RedditGapFinder\dataconnect`
 {"metadata":{"emulator":{"name":"dataconnect"},"message":"E0519 12:31:38.923349    5652 watch.go:40] Failed to load config from \"c:\\\\meghna\\\\Coding\\\\proj\\\\RedditGapFinder\\\\dataconnect\": could not find dataconnect.yaml in `c:\\meghna\\Coding\\proj\\RedditGapFinder\\dataconnect`\n"}}
[debug] [2026-05-19T07:01:48.928Z] E0519 12:31:48.927171    5652 watch.go:40] Failed to load config from "c:\\meghna\\Coding\\proj\\RedditGapFinder\\dataconnect": could not find dataconnect.yaml in `c:\meghna\Coding\proj\RedditGapFinder\dataconnect`
 {"metadata":{"emulator":{"name":"dataconnect"},"message":"E0519 12:31:48.927171    5652 watch.go:40] Failed to load config from \"c:\\\\meghna\\\\Coding\\\\proj\\\\RedditGapFinder\\\\dataconnect\": could not find dataconnect.yaml in `c:\\meghna\\Coding\\proj\\RedditGapFinder\\dataconnect`\n"}}
[debug] [2026-05-19T07:01:58.926Z] E0519 12:31:58.923340    5652 watch.go:116] watchAllDir unable to walk dir `c:\meghna\Coding\proj\RedditGapFinder\dataconnect`: GetFileAttributesEx c:\meghna\Coding\proj\RedditGapFinder\dataconnect: The system cannot find the file specified.
 {"metadata":{"emulator":{"name":"dataconnect"},"message":"E0519 12:31:58.923340    5652 watch.go:116] watchAllDir unable to walk dir `c:\\meghna\\Coding\\proj\\RedditGapFinder\\dataconnect`: GetFileAttributesEx c:\\meghna\\Coding\\proj\\RedditGapFinder\\dataconnect: The system cannot find the file specified.\n"}}
[debug] [2026-05-19T07:01:58.930Z] E0519 12:31:58.923878    5652 watch.go:40] Failed to load config from "c:\\meghna\\Coding\\proj\\RedditGapFinder\\dataconnect": could not find dataconnect.yaml in `c:\meghna\Coding\proj\RedditGapFinder\dataconnect`
 {"metadata":{"emulator":{"name":"dataconnect"},"message":"E0519 12:31:58.923878    5652 watch.go:40] Failed to load config from \"c:\\\\meghna\\\\Coding\\\\proj\\\\RedditGapFinder\\\\dataconnect\": could not find dataconnect.yaml in `c:\\meghna\\Coding\\proj\\RedditGapFinder\\dataconnect`\n"}}
[debug] [2026-05-19T07:02:08.925Z] E0519 12:32:08.925400    5652 watch.go:40] Failed to load config from "c:\\meghna\\Coding\\proj\\RedditGapFinder\\dataconnect": could not find dataconnect.yaml in `c:\meghna\Coding\proj\RedditGapFinder\dataconnect`
 {"metadata":{"emulator":{"name":"dataconnect"},"message":"E0519 12:32:08.925400    5652 watch.go:40] Failed to load config from \"c:\\\\meghna\\\\Coding\\\\proj\\\\RedditGapFinder\\\\dataconnect\": could not find dataconnect.yaml in `c:\\meghna\\Coding\\proj\\RedditGapFinder\\dataconnect`\n"}}
[debug] [2026-05-19T07:02:18.924Z] E0519 12:32:18.924096    5652 watch.go:40] Failed to load config from "c:\\meghna\\Coding\\proj\\RedditGapFinder\\dataconnect": could not find dataconnect.yaml in `c:\meghna\Coding\proj\RedditGapFinder\dataconnect`
 {"metadata":{"emulator":{"name":"dataconnect"},"message":"E0519 12:32:18.924096    5652 watch.go:40] Failed to load config from \"c:\\\\meghna\\\\Coding\\\\proj\\\\RedditGapFinder\\\\dataconnect\": could not find dataconnect.yaml in `c:\\meghna\\Coding\\proj\\RedditGapFinder\\dataconnect`\n"}}
[debug] [2026-05-19T07:02:28.930Z] E0519 12:32:28.928659    5652 watch.go:40] Failed to load config from "c:\\meghna\\Coding\\proj\\RedditGapFinder\\dataconnect": could not find dataconnect.yaml in `c:\meghna\Coding\proj\RedditGapFinder\dataconnect`
 {"metadata":{"emulator":{"name":"dataconnect"},"message":"E0519 12:32:28.928659    5652 watch.go:40] Failed to load config from \"c:\\\\meghna\\\\Coding\\\\proj\\\\RedditGapFinder\\\\dataconnect\": could not find dataconnect.yaml in `c:\\meghna\\Coding\\proj\\RedditGapFinder\\dataconnect`\n"}}
[debug] [2026-05-19T07:02:38.926Z] E0519 12:32:38.925339    5652 watch.go:40] Failed to load config from "c:\\meghna\\Coding\\proj\\RedditGapFinder\\dataconnect": could not find dataconnect.yaml in `c:\meghna\Coding\proj\RedditGapFinder\dataconnect`
 {"metadata":{"emulator":{"name":"dataconnect"},"message":"E0519 12:32:38.925339    5652 watch.go:40] Failed to load config from \"c:\\\\meghna\\\\Coding\\\\proj\\\\RedditGapFinder\\\\dataconnect\": could not find dataconnect.yaml in `c:\\meghna\\Coding\\proj\\RedditGapFinder\\dataconnect`\n"}}
[debug] [2026-05-19T07:02:48.927Z] E0519 12:32:48.926150    5652 watch.go:40] Failed to load config from "c:\\meghna\\Coding\\proj\\RedditGapFinder\\dataconnect": could not find dataconnect.yaml in `c:\meghna\Coding\proj\RedditGapFinder\dataconnect`
 {"metadata":{"emulator":{"name":"dataconnect"},"message":"E0519 12:32:48.926150    5652 watch.go:40] Failed to load config from \"c:\\\\meghna\\\\Coding\\\\proj\\\\RedditGapFinder\\\\dataconnect\": could not find dataconnect.yaml in `c:\\meghna\\Coding\\proj\\RedditGapFinder\\dataconnect`\n"}}
[debug] [2026-05-19T07:02:58.924Z] E0519 12:32:58.923582    5652 watch.go:116] watchAllDir unable to walk dir `c:\meghna\Coding\proj\RedditGapFinder\dataconnect`: GetFileAttributesEx c:\meghna\Coding\proj\RedditGapFinder\dataconnect: The system cannot find the file specified.
 {"metadata":{"emulator":{"name":"dataconnect"},"message":"E0519 12:32:58.923582    5652 watch.go:116] watchAllDir unable to walk dir `c:\\meghna\\Coding\\proj\\RedditGapFinder\\dataconnect`: GetFileAttributesEx c:\\meghna\\Coding\\proj\\RedditGapFinder\\dataconnect: The system cannot find the file specified.\n"}}
[debug] [2026-05-19T07:02:58.929Z] E0519 12:32:58.928267    5652 watch.go:40] Failed to load config from "c:\\meghna\\Coding\\proj\\RedditGapFinder\\dataconnect": could not find dataconnect.yaml in `c:\meghna\Coding\proj\RedditGapFinder\dataconnect`
 {"metadata":{"emulator":{"name":"dataconnect"},"message":"E0519 12:32:58.928267    5652 watch.go:40] Failed to load config from \"c:\\\\meghna\\\\Coding\\\\proj\\\\RedditGapFinder\\\\dataconnect\": could not find dataconnect.yaml in `c:\\meghna\\Coding\\proj\\RedditGapFinder\\dataconnect`\n"}}
[debug] [2026-05-19T07:03:08.924Z] E0519 12:33:08.923411    5652 watch.go:40] Failed to load config from "c:\\meghna\\Coding\\proj\\RedditGapFinder\\dataconnect": could not find dataconnect.yaml in `c:\meghna\Coding\proj\RedditGapFinder\dataconnect`
 {"metadata":{"emulator":{"name":"dataconnect"},"message":"E0519 12:33:08.923411    5652 watch.go:40] Failed to load config from \"c:\\\\meghna\\\\Coding\\\\proj\\\\RedditGapFinder\\\\dataconnect\": could not find dataconnect.yaml in `c:\\meghna\\Coding\\proj\\RedditGapFinder\\dataconnect`\n"}}
[debug] [2026-05-19T07:03:18.925Z] E0519 12:33:18.924580    5652 watch.go:40] Failed to load config from "c:\\meghna\\Coding\\proj\\RedditGapFinder\\dataconnect": could not find dataconnect.yaml in `c:\meghna\Coding\proj\RedditGapFinder\dataconnect`
 {"metadata":{"emulator":{"name":"dataconnect"},"message":"E0519 12:33:18.924580    5652 watch.go:40] Failed to load config from \"c:\\\\meghna\\\\Coding\\\\proj\\\\RedditGapFinder\\\\dataconnect\": could not find dataconnect.yaml in `c:\\meghna\\Coding\\proj\\RedditGapFinder\\dataconnect`\n"}}
[debug] [2026-05-19T07:03:28.926Z] E0519 12:33:28.925666    5652 watch.go:40] Failed to load config from "c:\\meghna\\Coding\\proj\\RedditGapFinder\\dataconnect": could not find dataconnect.yaml in `c:\meghna\Coding\proj\RedditGapFinder\dataconnect`
 {"metadata":{"emulator":{"name":"dataconnect"},"message":"E0519 12:33:28.925666    5652 watch.go:40] Failed to load config from \"c:\\\\meghna\\\\Coding\\\\proj\\\\RedditGapFinder\\\\dataconnect\": could not find dataconnect.yaml in `c:\\meghna\\Coding\\proj\\RedditGapFinder\\dataconnect`\n"}}
[debug] [2026-05-19T07:03:38.927Z] E0519 12:33:38.926264    5652 watch.go:40] Failed to load config from "c:\\meghna\\Coding\\proj\\RedditGapFinder\\dataconnect": could not find dataconnect.yaml in `c:\meghna\Coding\proj\RedditGapFinder\dataconnect`
 {"metadata":{"emulator":{"name":"dataconnect"},"message":"E0519 12:33:38.926264    5652 watch.go:40] Failed to load config from \"c:\\\\meghna\\\\Coding\\\\proj\\\\RedditGapFinder\\\\dataconnect\": could not find dataconnect.yaml in `c:\\meghna\\Coding\\proj\\RedditGapFinder\\dataconnect`\n"}}
[debug] [2026-05-19T07:03:48.938Z] E0519 12:33:48.930600    5652 watch.go:40] Failed to load config from "c:\\meghna\\Coding\\proj\\RedditGapFinder\\dataconnect": could not find dataconnect.yaml in `c:\meghna\Coding\proj\RedditGapFinder\dataconnect`
 {"metadata":{"emulator":{"name":"dataconnect"},"message":"E0519 12:33:48.930600    5652 watch.go:40] Failed to load config from \"c:\\\\meghna\\\\Coding\\\\proj\\\\RedditGapFinder\\\\dataconnect\": could not find dataconnect.yaml in `c:\\meghna\\Coding\\proj\\RedditGapFinder\\dataconnect`\n"}}
[debug] [2026-05-19T07:03:58.924Z] E0519 12:33:58.924417    5652 watch.go:116] watchAllDir unable to walk dir `c:\meghna\Coding\proj\RedditGapFinder\dataconnect`: GetFileAttributesEx c:\meghna\Coding\proj\RedditGapFinder\dataconnect: The system cannot find the file specified.
 {"metadata":{"emulator":{"name":"dataconnect"},"message":"E0519 12:33:58.924417    5652 watch.go:116] watchAllDir unable to walk dir `c:\\meghna\\Coding\\proj\\RedditGapFinder\\dataconnect`: GetFileAttributesEx c:\\meghna\\Coding\\proj\\RedditGapFinder\\dataconnect: The system cannot find the file specified.\n"}}
[debug] [2026-05-19T07:03:58.927Z] E0519 12:33:58.925087    5652 watch.go:40] Failed to load config from "c:\\meghna\\Coding\\proj\\RedditGapFinder\\dataconnect": could not find dataconnect.yaml in `c:\meghna\Coding\proj\RedditGapFinder\dataconnect`
 {"metadata":{"emulator":{"name":"dataconnect"},"message":"E0519 12:33:58.925087    5652 watch.go:40] Failed to load config from \"c:\\\\meghna\\\\Coding\\\\proj\\\\RedditGapFinder\\\\dataconnect\": could not find dataconnect.yaml in `c:\\meghna\\Coding\\proj\\RedditGapFinder\\dataconnect`\n"}}
[debug] [2026-05-19T07:04:08.923Z] E0519 12:34:08.923471    5652 watch.go:40] Failed to load config from "c:\\meghna\\Coding\\proj\\RedditGapFinder\\dataconnect": could not find dataconnect.yaml in `c:\meghna\Coding\proj\RedditGapFinder\dataconnect`
 {"metadata":{"emulator":{"name":"dataconnect"},"message":"E0519 12:34:08.923471    5652 watch.go:40] Failed to load config from \"c:\\\\meghna\\\\Coding\\\\proj\\\\RedditGapFinder\\\\dataconnect\": could not find dataconnect.yaml in `c:\\meghna\\Coding\\proj\\RedditGapFinder\\dataconnect`\n"}}
[debug] [2026-05-19T07:04:18.923Z] E0519 12:34:18.923734    5652 watch.go:40] Failed to load config from "c:\\meghna\\Coding\\proj\\RedditGapFinder\\dataconnect": could not find dataconnect.yaml in `c:\meghna\Coding\proj\RedditGapFinder\dataconnect`
 {"metadata":{"emulator":{"name":"dataconnect"},"message":"E0519 12:34:18.923734    5652 watch.go:40] Failed to load config from \"c:\\\\meghna\\\\Coding\\\\proj\\\\RedditGapFinder\\\\dataconnect\": could not find dataconnect.yaml in `c:\\meghna\\Coding\\proj\\RedditGapFinder\\dataconnect`\n"}}
[debug] [2026-05-19T07:04:28.925Z] E0519 12:34:28.925635    5652 watch.go:40] Failed to load config from "c:\\meghna\\Coding\\proj\\RedditGapFinder\\dataconnect": could not find dataconnect.yaml in `c:\meghna\Coding\proj\RedditGapFinder\dataconnect`
 {"metadata":{"emulator":{"name":"dataconnect"},"message":"E0519 12:34:28.925635    5652 watch.go:40] Failed to load config from \"c:\\\\meghna\\\\Coding\\\\proj\\\\RedditGapFinder\\\\dataconnect\": could not find dataconnect.yaml in `c:\\meghna\\Coding\\proj\\RedditGapFinder\\dataconnect`\n"}}
[debug] [2026-05-19T07:04:38.923Z] E0519 12:34:38.923894    5652 watch.go:40] Failed to load config from "c:\\meghna\\Coding\\proj\\RedditGapFinder\\dataconnect": could not find dataconnect.yaml in `c:\meghna\Coding\proj\RedditGapFinder\dataconnect`
 {"metadata":{"emulator":{"name":"dataconnect"},"message":"E0519 12:34:38.923894    5652 watch.go:40] Failed to load config from \"c:\\\\meghna\\\\Coding\\\\proj\\\\RedditGapFinder\\\\dataconnect\": could not find dataconnect.yaml in `c:\\meghna\\Coding\\proj\\RedditGapFinder\\dataconnect`\n"}}
[debug] [2026-05-19T07:04:48.925Z] E0519 12:34:48.923683    5652 watch.go:40] Failed to load config from "c:\\meghna\\Coding\\proj\\RedditGapFinder\\dataconnect": could not find dataconnect.yaml in `c:\meghna\Coding\proj\RedditGapFinder\dataconnect`
 {"metadata":{"emulator":{"name":"dataconnect"},"message":"E0519 12:34:48.923683    5652 watch.go:40] Failed to load config from \"c:\\\\meghna\\\\Coding\\\\proj\\\\RedditGapFinder\\\\dataconnect\": could not find dataconnect.yaml in `c:\\meghna\\Coding\\proj\\RedditGapFinder\\dataconnect`\n"}}
[debug] [2026-05-19T07:04:58.924Z] E0519 12:34:58.923625    5652 watch.go:116] watchAllDir unable to walk dir `c:\meghna\Coding\proj\RedditGapFinder\dataconnect`: GetFileAttributesEx c:\meghna\Coding\proj\RedditGapFinder\dataconnect: The system cannot find the file specified.
E0519 12:34:58.924140    5652 watch.go:40] Failed to load config from "c:\\meghna\\Coding\\proj\\RedditGapFinder\\dataconnect": could not find dataconnect.yaml in `c:\meghna\Coding\proj\RedditGapFinder\dataconnect`
 {"metadata":{"emulator":{"name":"dataconnect"},"message":"E0519 12:34:58.923625    5652 watch.go:116] watchAllDir unable to walk dir `c:\\meghna\\Coding\\proj\\RedditGapFinder\\dataconnect`: GetFileAttributesEx c:\\meghna\\Coding\\proj\\RedditGapFinder\\dataconnect: The system cannot find the file specified.\nE0519 12:34:58.924140    5652 watch.go:40] Failed to load config from \"c:\\\\meghna\\\\Coding\\\\proj\\\\RedditGapFinder\\\\dataconnect\": could not find dataconnect.yaml in `c:\\meghna\\Coding\\proj\\RedditGapFinder\\dataconnect`\n"}}
[debug] [2026-05-19T07:05:08.924Z] E0519 12:35:08.924192    5652 watch.go:40] Failed to load config from "c:\\meghna\\Coding\\proj\\RedditGapFinder\\dataconnect": could not find dataconnect.yaml in `c:\meghna\Coding\proj\RedditGapFinder\dataconnect`
 {"metadata":{"emulator":{"name":"dataconnect"},"message":"E0519 12:35:08.924192    5652 watch.go:40] Failed to load config from \"c:\\\\meghna\\\\Coding\\\\proj\\\\RedditGapFinder\\\\dataconnect\": could not find dataconnect.yaml in `c:\\meghna\\Coding\\proj\\RedditGapFinder\\dataconnect`\n"}}
[debug] [2026-05-19T07:05:18.925Z] E0519 12:35:18.924721    5652 watch.go:40] Failed to load config from "c:\\meghna\\Coding\\proj\\RedditGapFinder\\dataconnect": could not find dataconnect.yaml in `c:\meghna\Coding\proj\RedditGapFinder\dataconnect`
 {"metadata":{"emulator":{"name":"dataconnect"},"message":"E0519 12:35:18.924721    5652 watch.go:40] Failed to load config from \"c:\\\\meghna\\\\Coding\\\\proj\\\\RedditGapFinder\\\\dataconnect\": could not find dataconnect.yaml in `c:\\meghna\\Coding\\proj\\RedditGapFinder\\dataconnect`\n"}}
[debug] [2026-05-19T07:05:28.924Z] E0519 12:35:28.923230    5652 watch.go:40] Failed to load config from "c:\\meghna\\Coding\\proj\\RedditGapFinder\\dataconnect": could not find dataconnect.yaml in `c:\meghna\Coding\proj\RedditGapFinder\dataconnect`
 {"metadata":{"emulator":{"name":"dataconnect"},"message":"E0519 12:35:28.923230    5652 watch.go:40] Failed to load config from \"c:\\\\meghna\\\\Coding\\\\proj\\\\RedditGapFinder\\\\dataconnect\": could not find dataconnect.yaml in `c:\\meghna\\Coding\\proj\\RedditGapFinder\\dataconnect`\n"}}
[debug] [2026-05-19T07:05:38.926Z] E0519 12:35:38.924852    5652 watch.go:40] Failed to load config from "c:\\meghna\\Coding\\proj\\RedditGapFinder\\dataconnect": could not find dataconnect.yaml in `c:\meghna\Coding\proj\RedditGapFinder\dataconnect`
 {"metadata":{"emulator":{"name":"dataconnect"},"message":"E0519 12:35:38.924852    5652 watch.go:40] Failed to load config from \"c:\\\\meghna\\\\Coding\\\\proj\\\\RedditGapFinder\\\\dataconnect\": could not find dataconnect.yaml in `c:\\meghna\\Coding\\proj\\RedditGapFinder\\dataconnect`\n"}}
[debug] [2026-05-19T07:05:48.924Z] E0519 12:35:48.924013    5652 watch.go:40] Failed to load config from "c:\\meghna\\Coding\\proj\\RedditGapFinder\\dataconnect": could not find dataconnect.yaml in `c:\meghna\Coding\proj\RedditGapFinder\dataconnect`
 {"metadata":{"emulator":{"name":"dataconnect"},"message":"E0519 12:35:48.924013    5652 watch.go:40] Failed to load config from \"c:\\\\meghna\\\\Coding\\\\proj\\\\RedditGapFinder\\\\dataconnect\": could not find dataconnect.yaml in `c:\\meghna\\Coding\\proj\\RedditGapFinder\\dataconnect`\n"}}
[debug] [2026-05-19T07:05:58.924Z] E0519 12:35:58.923844    5652 watch.go:116] watchAllDir unable to walk dir `c:\meghna\Coding\proj\RedditGapFinder\dataconnect`: GetFileAttributesEx c:\meghna\Coding\proj\RedditGapFinder\dataconnect: The system cannot find the file specified.
 {"metadata":{"emulator":{"name":"dataconnect"},"message":"E0519 12:35:58.923844    5652 watch.go:116] watchAllDir unable to walk dir `c:\\meghna\\Coding\\proj\\RedditGapFinder\\dataconnect`: GetFileAttributesEx c:\\meghna\\Coding\\proj\\RedditGapFinder\\dataconnect: The system cannot find the file specified.\n"}}
[debug] [2026-05-19T07:05:58.931Z] E0519 12:35:58.924435    5652 watch.go:40] Failed to load config from "c:\\meghna\\Coding\\proj\\RedditGapFinder\\dataconnect": could not find dataconnect.yaml in `c:\meghna\Coding\proj\RedditGapFinder\dataconnect`
 {"metadata":{"emulator":{"name":"dataconnect"},"message":"E0519 12:35:58.924435    5652 watch.go:40] Failed to load config from \"c:\\\\meghna\\\\Coding\\\\proj\\\\RedditGapFinder\\\\dataconnect\": could not find dataconnect.yaml in `c:\\meghna\\Coding\\proj\\RedditGapFinder\\dataconnect`\n"}}
[debug] [2026-05-19T07:06:08.924Z] E0519 12:36:08.924268    5652 watch.go:40] Failed to load config from "c:\\meghna\\Coding\\proj\\RedditGapFinder\\dataconnect": could not find dataconnect.yaml in `c:\meghna\Coding\proj\RedditGapFinder\dataconnect`
 {"metadata":{"emulator":{"name":"dataconnect"},"message":"E0519 12:36:08.924268    5652 watch.go:40] Failed to load config from \"c:\\\\meghna\\\\Coding\\\\proj\\\\RedditGapFinder\\\\dataconnect\": could not find dataconnect.yaml in `c:\\meghna\\Coding\\proj\\RedditGapFinder\\dataconnect`\n"}}
[debug] [2026-05-19T07:06:18.924Z] E0519 12:36:18.923825    5652 watch.go:40] Failed to load config from "c:\\meghna\\Coding\\proj\\RedditGapFinder\\dataconnect": could not find dataconnect.yaml in `c:\meghna\Coding\proj\RedditGapFinder\dataconnect`
 {"metadata":{"emulator":{"name":"dataconnect"},"message":"E0519 12:36:18.923825    5652 watch.go:40] Failed to load config from \"c:\\\\meghna\\\\Coding\\\\proj\\\\RedditGapFinder\\\\dataconnect\": could not find dataconnect.yaml in `c:\\meghna\\Coding\\proj\\RedditGapFinder\\dataconnect`\n"}}
[debug] [2026-05-19T07:06:28.924Z] E0519 12:36:28.923432    5652 watch.go:40] Failed to load config from "c:\\meghna\\Coding\\proj\\RedditGapFinder\\dataconnect": could not find dataconnect.yaml in `c:\meghna\Coding\proj\RedditGapFinder\dataconnect`
 {"metadata":{"emulator":{"name":"dataconnect"},"message":"E0519 12:36:28.923432    5652 watch.go:40] Failed to load config from \"c:\\\\meghna\\\\Coding\\\\proj\\\\RedditGapFinder\\\\dataconnect\": could not find dataconnect.yaml in `c:\\meghna\\Coding\\proj\\RedditGapFinder\\dataconnect`\n"}}
[debug] [2026-05-19T07:06:38.924Z] E0519 12:36:38.924349    5652 watch.go:40] Failed to load config from "c:\\meghna\\Coding\\proj\\RedditGapFinder\\dataconnect": could not find dataconnect.yaml in `c:\meghna\Coding\proj\RedditGapFinder\dataconnect`
 {"metadata":{"emulator":{"name":"dataconnect"},"message":"E0519 12:36:38.924349    5652 watch.go:40] Failed to load config from \"c:\\\\meghna\\\\Coding\\\\proj\\\\RedditGapFinder\\\\dataconnect\": could not find dataconnect.yaml in `c:\\meghna\\Coding\\proj\\RedditGapFinder\\dataconnect`\n"}}
[debug] [2026-05-19T07:06:48.924Z] E0519 12:36:48.923610    5652 watch.go:40] Failed to load config from "c:\\meghna\\Coding\\proj\\RedditGapFinder\\dataconnect": could not find dataconnect.yaml in `c:\meghna\Coding\proj\RedditGapFinder\dataconnect`
 {"metadata":{"emulator":{"name":"dataconnect"},"message":"E0519 12:36:48.923610    5652 watch.go:40] Failed to load config from \"c:\\\\meghna\\\\Coding\\\\proj\\\\RedditGapFinder\\\\dataconnect\": could not find dataconnect.yaml in `c:\\meghna\\Coding\\proj\\RedditGapFinder\\dataconnect`\n"}}
[debug] [2026-05-19T07:06:58.923Z] E0519 12:36:58.923537    5652 watch.go:116] watchAllDir unable to walk dir `c:\meghna\Coding\proj\RedditGapFinder\dataconnect`: GetFileAttributesEx c:\meghna\Coding\proj\RedditGapFinder\dataconnect: The system cannot find the file specified.
 {"metadata":{"emulator":{"name":"dataconnect"},"message":"E0519 12:36:58.923537    5652 watch.go:116] watchAllDir unable to walk dir `c:\\meghna\\Coding\\proj\\RedditGapFinder\\dataconnect`: GetFileAttributesEx c:\\meghna\\Coding\\proj\\RedditGapFinder\\dataconnect: The system cannot find the file specified.\n"}}
[debug] [2026-05-19T07:06:58.925Z] E0519 12:36:58.924051    5652 watch.go:40] Failed to load config from "c:\\meghna\\Coding\\proj\\RedditGapFinder\\dataconnect": could not find dataconnect.yaml in `c:\meghna\Coding\proj\RedditGapFinder\dataconnect`
 {"metadata":{"emulator":{"name":"dataconnect"},"message":"E0519 12:36:58.924051    5652 watch.go:40] Failed to load config from \"c:\\\\meghna\\\\Coding\\\\proj\\\\RedditGapFinder\\\\dataconnect\": could not find dataconnect.yaml in `c:\\meghna\\Coding\\proj\\RedditGapFinder\\dataconnect`\n"}}
[debug] [2026-05-19T07:07:08.924Z] E0519 12:37:08.923850    5652 watch.go:40] Failed to load config from "c:\\meghna\\Coding\\proj\\RedditGapFinder\\dataconnect": could not find dataconnect.yaml in `c:\meghna\Coding\proj\RedditGapFinder\dataconnect`
 {"metadata":{"emulator":{"name":"dataconnect"},"message":"E0519 12:37:08.923850    5652 watch.go:40] Failed to load config from \"c:\\\\meghna\\\\Coding\\\\proj\\\\RedditGapFinder\\\\dataconnect\": could not find dataconnect.yaml in `c:\\meghna\\Coding\\proj\\RedditGapFinder\\dataconnect`\n"}}
[debug] [2026-05-19T07:07:18.924Z] E0519 12:37:18.924358    5652 watch.go:40] Failed to load config from "c:\\meghna\\Coding\\proj\\RedditGapFinder\\dataconnect": could not find dataconnect.yaml in `c:\meghna\Coding\proj\RedditGapFinder\dataconnect`
 {"metadata":{"emulator":{"name":"dataconnect"},"message":"E0519 12:37:18.924358    5652 watch.go:40] Failed to load config from \"c:\\\\meghna\\\\Coding\\\\proj\\\\RedditGapFinder\\\\dataconnect\": could not find dataconnect.yaml in `c:\\meghna\\Coding\\proj\\RedditGapFinder\\dataconnect`\n"}}
[debug] [2026-05-19T07:07:28.926Z] E0519 12:37:28.925706    5652 watch.go:40] Failed to load config from "c:\\meghna\\Coding\\proj\\RedditGapFinder\\dataconnect": could not find dataconnect.yaml in `c:\meghna\Coding\proj\RedditGapFinder\dataconnect`
 {"metadata":{"emulator":{"name":"dataconnect"},"message":"E0519 12:37:28.925706    5652 watch.go:40] Failed to load config from \"c:\\\\meghna\\\\Coding\\\\proj\\\\RedditGapFinder\\\\dataconnect\": could not find dataconnect.yaml in `c:\\meghna\\Coding\\proj\\RedditGapFinder\\dataconnect`\n"}}
[debug] [2026-05-19T07:07:38.929Z] E0519 12:37:38.929037    5652 watch.go:40] Failed to load config from "c:\\meghna\\Coding\\proj\\RedditGapFinder\\dataconnect": could not find dataconnect.yaml in `c:\meghna\Coding\proj\RedditGapFinder\dataconnect`
 {"metadata":{"emulator":{"name":"dataconnect"},"message":"E0519 12:37:38.929037    5652 watch.go:40] Failed to load config from \"c:\\\\meghna\\\\Coding\\\\proj\\\\RedditGapFinder\\\\dataconnect\": could not find dataconnect.yaml in `c:\\meghna\\Coding\\proj\\RedditGapFinder\\dataconnect`\n"}}
[debug] [2026-05-19T07:07:48.926Z] E0519 12:37:48.926516    5652 watch.go:40] Failed to load config from "c:\\meghna\\Coding\\proj\\RedditGapFinder\\dataconnect": could not find dataconnect.yaml in `c:\meghna\Coding\proj\RedditGapFinder\dataconnect`
 {"metadata":{"emulator":{"name":"dataconnect"},"message":"E0519 12:37:48.926516    5652 watch.go:40] Failed to load config from \"c:\\\\meghna\\\\Coding\\\\proj\\\\RedditGapFinder\\\\dataconnect\": could not find dataconnect.yaml in `c:\\meghna\\Coding\\proj\\RedditGapFinder\\dataconnect`\n"}}
[debug] [2026-05-19T07:07:58.925Z] E0519 12:37:58.924998    5652 watch.go:40] Failed to load config from "c:\\meghna\\Coding\\proj\\RedditGapFinder\\dataconnect": could not find dataconnect.yaml in `c:\meghna\Coding\proj\RedditGapFinder\dataconnect`
E0519 12:37:58.924998    5652 watch.go:116] watchAllDir unable to walk dir `c:\meghna\Coding\proj\RedditGapFinder\dataconnect`: GetFileAttributesEx c:\meghna\Coding\proj\RedditGapFinder\dataconnect: The system cannot find the file specified.
 {"metadata":{"emulator":{"name":"dataconnect"},"message":"E0519 12:37:58.924998    5652 watch.go:40] Failed to load config from \"c:\\\\meghna\\\\Coding\\\\proj\\\\RedditGapFinder\\\\dataconnect\": could not find dataconnect.yaml in `c:\\meghna\\Coding\\proj\\RedditGapFinder\\dataconnect`\nE0519 12:37:58.924998    5652 watch.go:116] watchAllDir unable to walk dir `c:\\meghna\\Coding\\proj\\RedditGapFinder\\dataconnect`: GetFileAttributesEx c:\\meghna\\Coding\\proj\\RedditGapFinder\\dataconnect: The system cannot find the file specified.\n"}}
[debug] [2026-05-19T07:08:08.925Z] E0519 12:38:08.925474    5652 watch.go:40] Failed to load config from "c:\\meghna\\Coding\\proj\\RedditGapFinder\\dataconnect": could not find dataconnect.yaml in `c:\meghna\Coding\proj\RedditGapFinder\dataconnect`
 {"metadata":{"emulator":{"name":"dataconnect"},"message":"E0519 12:38:08.925474    5652 watch.go:40] Failed to load config from \"c:\\\\meghna\\\\Coding\\\\proj\\\\RedditGapFinder\\\\dataconnect\": could not find dataconnect.yaml in `c:\\meghna\\Coding\\proj\\RedditGapFinder\\dataconnect`\n"}}
[debug] [2026-05-19T07:08:18.927Z] E0519 12:38:18.926586    5652 watch.go:40] Failed to load config from "c:\\meghna\\Coding\\proj\\RedditGapFinder\\dataconnect": could not find dataconnect.yaml in `c:\meghna\Coding\proj\RedditGapFinder\dataconnect`
 {"metadata":{"emulator":{"name":"dataconnect"},"message":"E0519 12:38:18.926586    5652 watch.go:40] Failed to load config from \"c:\\\\meghna\\\\Coding\\\\proj\\\\RedditGapFinder\\\\dataconnect\": could not find dataconnect.yaml in `c:\\meghna\\Coding\\proj\\RedditGapFinder\\dataconnect`\n"}}
[debug] [2026-05-19T07:08:28.925Z] E0519 12:38:28.925073    5652 watch.go:40] Failed to load config from "c:\\meghna\\Coding\\proj\\RedditGapFinder\\dataconnect": could not find dataconnect.yaml in `c:\meghna\Coding\proj\RedditGapFinder\dataconnect`
 {"metadata":{"emulator":{"name":"dataconnect"},"message":"E0519 12:38:28.925073    5652 watch.go:40] Failed to load config from \"c:\\\\meghna\\\\Coding\\\\proj\\\\RedditGapFinder\\\\dataconnect\": could not find dataconnect.yaml in `c:\\meghna\\Coding\\proj\\RedditGapFinder\\dataconnect`\n"}}
[debug] [2026-05-19T07:08:38.962Z] E0519 12:38:38.960930    5652 watch.go:40] Failed to load config from "c:\\meghna\\Coding\\proj\\RedditGapFinder\\dataconnect": could not find dataconnect.yaml in `c:\meghna\Coding\proj\RedditGapFinder\dataconnect`
 {"metadata":{"emulator":{"name":"dataconnect"},"message":"E0519 12:38:38.960930    5652 watch.go:40] Failed to load config from \"c:\\\\meghna\\\\Coding\\\\proj\\\\RedditGapFinder\\\\dataconnect\": could not find dataconnect.yaml in `c:\\meghna\\Coding\\proj\\RedditGapFinder\\dataconnect`\n"}}
[debug] [2026-05-19T07:08:48.924Z] E0519 12:38:48.924177    5652 watch.go:40] Failed to load config from "c:\\meghna\\Coding\\proj\\RedditGapFinder\\dataconnect": could not find dataconnect.yaml in `c:\meghna\Coding\proj\RedditGapFinder\dataconnect`
 {"metadata":{"emulator":{"name":"dataconnect"},"message":"E0519 12:38:48.924177    5652 watch.go:40] Failed to load config from \"c:\\\\meghna\\\\Coding\\\\proj\\\\RedditGapFinder\\\\dataconnect\": could not find dataconnect.yaml in `c:\\meghna\\Coding\\proj\\RedditGapFinder\\dataconnect`\n"}}
[debug] [2026-05-19T07:08:58.924Z] E0519 12:38:58.924373    5652 watch.go:116] watchAllDir unable to walk dir `c:\meghna\Coding\proj\RedditGapFinder\dataconnect`: GetFileAttributesEx c:\meghna\Coding\proj\RedditGapFinder\dataconnect: The system cannot find the file specified.
E0519 12:38:58.924373    5652 watch.go:40] Failed to load config from "c:\\meghna\\Coding\\proj\\RedditGapFinder\\dataconnect": could not find dataconnect.yaml in `c:\meghna\Coding\proj\RedditGapFinder\dataconnect`
 {"metadata":{"emulator":{"name":"dataconnect"},"message":"E0519 12:38:58.924373    5652 watch.go:116] watchAllDir unable to walk dir `c:\\meghna\\Coding\\proj\\RedditGapFinder\\dataconnect`: GetFileAttributesEx c:\\meghna\\Coding\\proj\\RedditGapFinder\\dataconnect: The system cannot find the file specified.\nE0519 12:38:58.924373    5652 watch.go:40] Failed to load config from \"c:\\\\meghna\\\\Coding\\\\proj\\\\RedditGapFinder\\\\dataconnect\": could not find dataconnect.yaml in `c:\\meghna\\Coding\\proj\\RedditGapFinder\\dataconnect`\n"}}
[debug] [2026-05-19T07:09:08.924Z] E0519 12:39:08.924375    5652 watch.go:40] Failed to load config from "c:\\meghna\\Coding\\proj\\RedditGapFinder\\dataconnect": could not find dataconnect.yaml in `c:\meghna\Coding\proj\RedditGapFinder\dataconnect`
 {"metadata":{"emulator":{"name":"dataconnect"},"message":"E0519 12:39:08.924375    5652 watch.go:40] Failed to load config from \"c:\\\\meghna\\\\Coding\\\\proj\\\\RedditGapFinder\\\\dataconnect\": could not find dataconnect.yaml in `c:\\meghna\\Coding\\proj\\RedditGapFinder\\dataconnect`\n"}}
[debug] [2026-05-19T07:09:18.925Z] E0519 12:39:18.924496    5652 watch.go:40] Failed to load config from "c:\\meghna\\Coding\\proj\\RedditGapFinder\\dataconnect": could not find dataconnect.yaml in `c:\meghna\Coding\proj\RedditGapFinder\dataconnect`
 {"metadata":{"emulator":{"name":"dataconnect"},"message":"E0519 12:39:18.924496    5652 watch.go:40] Failed to load config from \"c:\\\\meghna\\\\Coding\\\\proj\\\\RedditGapFinder\\\\dataconnect\": could not find dataconnect.yaml in `c:\\meghna\\Coding\\proj\\RedditGapFinder\\dataconnect`\n"}}
[debug] [2026-05-19T07:09:28.925Z] E0519 12:39:28.925072    5652 watch.go:40] Failed to load config from "c:\\meghna\\Coding\\proj\\RedditGapFinder\\dataconnect": could not find dataconnect.yaml in `c:\meghna\Coding\proj\RedditGapFinder\dataconnect`
 {"metadata":{"emulator":{"name":"dataconnect"},"message":"E0519 12:39:28.925072    5652 watch.go:40] Failed to load config from \"c:\\\\meghna\\\\Coding\\\\proj\\\\RedditGapFinder\\\\dataconnect\": could not find dataconnect.yaml in `c:\\meghna\\Coding\\proj\\RedditGapFinder\\dataconnect`\n"}}
[debug] [2026-05-19T07:09:38.927Z] E0519 12:39:38.927613    5652 watch.go:40] Failed to load config from "c:\\meghna\\Coding\\proj\\RedditGapFinder\\dataconnect": could not find dataconnect.yaml in `c:\meghna\Coding\proj\RedditGapFinder\dataconnect`
 {"metadata":{"emulator":{"name":"dataconnect"},"message":"E0519 12:39:38.927613    5652 watch.go:40] Failed to load config from \"c:\\\\meghna\\\\Coding\\\\proj\\\\RedditGapFinder\\\\dataconnect\": could not find dataconnect.yaml in `c:\\meghna\\Coding\\proj\\RedditGapFinder\\dataconnect`\n"}}
[debug] [2026-05-19T07:09:48.925Z] E0519 12:39:48.924865    5652 watch.go:40] Failed to load config from "c:\\meghna\\Coding\\proj\\RedditGapFinder\\dataconnect": could not find dataconnect.yaml in `c:\meghna\Coding\proj\RedditGapFinder\dataconnect`
 {"metadata":{"emulator":{"name":"dataconnect"},"message":"E0519 12:39:48.924865    5652 watch.go:40] Failed to load config from \"c:\\\\meghna\\\\Coding\\\\proj\\\\RedditGapFinder\\\\dataconnect\": could not find dataconnect.yaml in `c:\\meghna\\Coding\\proj\\RedditGapFinder\\dataconnect`\n"}}
[debug] [2026-05-19T07:09:58.978Z] E0519 12:39:58.923711    5652 watch.go:116] watchAllDir unable to walk dir `c:\meghna\Coding\proj\RedditGapFinder\dataconnect`: GetFileAttributesEx c:\meghna\Coding\proj\RedditGapFinder\dataconnect: The system cannot find the file specified.
E0519 12:39:58.923711    5652 watch.go:40] Failed to load config from "c:\\meghna\\Coding\\proj\\RedditGapFinder\\dataconnect": could not find dataconnect.yaml in `c:\meghna\Coding\proj\RedditGapFinder\dataconnect`
 {"metadata":{"emulator":{"name":"dataconnect"},"message":"E0519 12:39:58.923711    5652 watch.go:116] watchAllDir unable to walk dir `c:\\meghna\\Coding\\proj\\RedditGapFinder\\dataconnect`: GetFileAttributesEx c:\\meghna\\Coding\\proj\\RedditGapFinder\\dataconnect: The system cannot find the file specified.\nE0519 12:39:58.923711    5652 watch.go:40] Failed to load config from \"c:\\\\meghna\\\\Coding\\\\proj\\\\RedditGapFinder\\\\dataconnect\": could not find dataconnect.yaml in `c:\\meghna\\Coding\\proj\\RedditGapFinder\\dataconnect`\n"}}
[debug] [2026-05-19T07:10:08.924Z] E0519 12:40:08.923369    5652 watch.go:40] Failed to load config from "c:\\meghna\\Coding\\proj\\RedditGapFinder\\dataconnect": could not find dataconnect.yaml in `c:\meghna\Coding\proj\RedditGapFinder\dataconnect`
 {"metadata":{"emulator":{"name":"dataconnect"},"message":"E0519 12:40:08.923369    5652 watch.go:40] Failed to load config from \"c:\\\\meghna\\\\Coding\\\\proj\\\\RedditGapFinder\\\\dataconnect\": could not find dataconnect.yaml in `c:\\meghna\\Coding\\proj\\RedditGapFinder\\dataconnect`\n"}}
[debug] [2026-05-19T07:10:18.924Z] E0519 12:40:18.923532    5652 watch.go:40] Failed to load config from "c:\\meghna\\Coding\\proj\\RedditGapFinder\\dataconnect": could not find dataconnect.yaml in `c:\meghna\Coding\proj\RedditGapFinder\dataconnect`
 {"metadata":{"emulator":{"name":"dataconnect"},"message":"E0519 12:40:18.923532    5652 watch.go:40] Failed to load config from \"c:\\\\meghna\\\\Coding\\\\proj\\\\RedditGapFinder\\\\dataconnect\": could not find dataconnect.yaml in `c:\\meghna\\Coding\\proj\\RedditGapFinder\\dataconnect`\n"}}
[debug] [2026-05-19T07:10:28.924Z] E0519 12:40:28.924470    5652 watch.go:40] Failed to load config from "c:\\meghna\\Coding\\proj\\RedditGapFinder\\dataconnect": could not find dataconnect.yaml in `c:\meghna\Coding\proj\RedditGapFinder\dataconnect`
 {"metadata":{"emulator":{"name":"dataconnect"},"message":"E0519 12:40:28.924470    5652 watch.go:40] Failed to load config from \"c:\\\\meghna\\\\Coding\\\\proj\\\\RedditGapFinder\\\\dataconnect\": could not find dataconnect.yaml in `c:\\meghna\\Coding\\proj\\RedditGapFinder\\dataconnect`\n"}}
[debug] [2026-05-19T07:10:38.924Z] E0519 12:40:38.924598    5652 watch.go:40] Failed to load config from "c:\\meghna\\Coding\\proj\\RedditGapFinder\\dataconnect": could not find dataconnect.yaml in `c:\meghna\Coding\proj\RedditGapFinder\dataconnect`
 {"metadata":{"emulator":{"name":"dataconnect"},"message":"E0519 12:40:38.924598    5652 watch.go:40] Failed to load config from \"c:\\\\meghna\\\\Coding\\\\proj\\\\RedditGapFinder\\\\dataconnect\": could not find dataconnect.yaml in `c:\\meghna\\Coding\\proj\\RedditGapFinder\\dataconnect`\n"}}
[debug] [2026-05-19T07:10:48.928Z] E0519 12:40:48.927696    5652 watch.go:40] Failed to load config from "c:\\meghna\\Coding\\proj\\RedditGapFinder\\dataconnect": could not find dataconnect.yaml in `c:\meghna\Coding\proj\RedditGapFinder\dataconnect`
 {"metadata":{"emulator":{"name":"dataconnect"},"message":"E0519 12:40:48.927696    5652 watch.go:40] Failed to load config from \"c:\\\\meghna\\\\Coding\\\\proj\\\\RedditGapFinder\\\\dataconnect\": could not find dataconnect.yaml in `c:\\meghna\\Coding\\proj\\RedditGapFinder\\dataconnect`\n"}}
[debug] [2026-05-19T07:10:58.924Z] E0519 12:40:58.923609    5652 watch.go:116] watchAllDir unable to walk dir `c:\meghna\Coding\proj\RedditGapFinder\dataconnect`: GetFileAttributesEx c:\meghna\Coding\proj\RedditGapFinder\dataconnect: The system cannot find the file specified.
 {"metadata":{"emulator":{"name":"dataconnect"},"message":"E0519 12:40:58.923609    5652 watch.go:116] watchAllDir unable to walk dir `c:\\meghna\\Coding\\proj\\RedditGapFinder\\dataconnect`: GetFileAttributesEx c:\\meghna\\Coding\\proj\\RedditGapFinder\\dataconnect: The system cannot find the file specified.\n"}}
[debug] [2026-05-19T07:10:58.926Z] E0519 12:40:58.923609    5652 watch.go:40] Failed to load config from "c:\\meghna\\Coding\\proj\\RedditGapFinder\\dataconnect": could not find dataconnect.yaml in `c:\meghna\Coding\proj\RedditGapFinder\dataconnect`
 {"metadata":{"emulator":{"name":"dataconnect"},"message":"E0519 12:40:58.923609    5652 watch.go:40] Failed to load config from \"c:\\\\meghna\\\\Coding\\\\proj\\\\RedditGapFinder\\\\dataconnect\": could not find dataconnect.yaml in `c:\\meghna\\Coding\\proj\\RedditGapFinder\\dataconnect`\n"}}
[debug] [2026-05-19T07:11:08.926Z] E0519 12:41:08.924863    5652 watch.go:40] Failed to load config from "c:\\meghna\\Coding\\proj\\RedditGapFinder\\dataconnect": could not find dataconnect.yaml in `c:\meghna\Coding\proj\RedditGapFinder\dataconnect`
 {"metadata":{"emulator":{"name":"dataconnect"},"message":"E0519 12:41:08.924863    5652 watch.go:40] Failed to load config from \"c:\\\\meghna\\\\Coding\\\\proj\\\\RedditGapFinder\\\\dataconnect\": could not find dataconnect.yaml in `c:\\meghna\\Coding\\proj\\RedditGapFinder\\dataconnect`\n"}}
[debug] [2026-05-19T07:11:18.924Z] E0519 12:41:18.924243    5652 watch.go:40] Failed to load config from "c:\\meghna\\Coding\\proj\\RedditGapFinder\\dataconnect": could not find dataconnect.yaml in `c:\meghna\Coding\proj\RedditGapFinder\dataconnect`
 {"metadata":{"emulator":{"name":"dataconnect"},"message":"E0519 12:41:18.924243    5652 watch.go:40] Failed to load config from \"c:\\\\meghna\\\\Coding\\\\proj\\\\RedditGapFinder\\\\dataconnect\": could not find dataconnect.yaml in `c:\\meghna\\Coding\\proj\\RedditGapFinder\\dataconnect`\n"}}
[debug] [2026-05-19T07:11:28.925Z] E0519 12:41:28.924223    5652 watch.go:40] Failed to load config from "c:\\meghna\\Coding\\proj\\RedditGapFinder\\dataconnect": could not find dataconnect.yaml in `c:\meghna\Coding\proj\RedditGapFinder\dataconnect`
 {"metadata":{"emulator":{"name":"dataconnect"},"message":"E0519 12:41:28.924223    5652 watch.go:40] Failed to load config from \"c:\\\\meghna\\\\Coding\\\\proj\\\\RedditGapFinder\\\\dataconnect\": could not find dataconnect.yaml in `c:\\meghna\\Coding\\proj\\RedditGapFinder\\dataconnect`\n"}}
[debug] [2026-05-19T07:11:38.925Z] E0519 12:41:38.924437    5652 watch.go:40] Failed to load config from "c:\\meghna\\Coding\\proj\\RedditGapFinder\\dataconnect": could not find dataconnect.yaml in `c:\meghna\Coding\proj\RedditGapFinder\dataconnect`
 {"metadata":{"emulator":{"name":"dataconnect"},"message":"E0519 12:41:38.924437    5652 watch.go:40] Failed to load config from \"c:\\\\meghna\\\\Coding\\\\proj\\\\RedditGapFinder\\\\dataconnect\": could not find dataconnect.yaml in `c:\\meghna\\Coding\\proj\\RedditGapFinder\\dataconnect`\n"}}
[debug] [2026-05-19T07:11:48.923Z] E0519 12:41:48.923499    5652 watch.go:40] Failed to load config from "c:\\meghna\\Coding\\proj\\RedditGapFinder\\dataconnect": could not find dataconnect.yaml in `c:\meghna\Coding\proj\RedditGapFinder\dataconnect`
 {"metadata":{"emulator":{"name":"dataconnect"},"message":"E0519 12:41:48.923499    5652 watch.go:40] Failed to load config from \"c:\\\\meghna\\\\Coding\\\\proj\\\\RedditGapFinder\\\\dataconnect\": could not find dataconnect.yaml in `c:\\meghna\\Coding\\proj\\RedditGapFinder\\dataconnect`\n"}}
[debug] [2026-05-19T07:11:58.923Z] E0519 12:41:58.923173    5652 watch.go:116] watchAllDir unable to walk dir `c:\meghna\Coding\proj\RedditGapFinder\dataconnect`: GetFileAttributesEx c:\meghna\Coding\proj\RedditGapFinder\dataconnect: The system cannot find the file specified.
E0519 12:41:58.923173    5652 watch.go:40] Failed to load config from "c:\\meghna\\Coding\\proj\\RedditGapFinder\\dataconnect": could not find dataconnect.yaml in `c:\meghna\Coding\proj\RedditGapFinder\dataconnect`
 {"metadata":{"emulator":{"name":"dataconnect"},"message":"E0519 12:41:58.923173    5652 watch.go:116] watchAllDir unable to walk dir `c:\\meghna\\Coding\\proj\\RedditGapFinder\\dataconnect`: GetFileAttributesEx c:\\meghna\\Coding\\proj\\RedditGapFinder\\dataconnect: The system cannot find the file specified.\nE0519 12:41:58.923173    5652 watch.go:40] Failed to load config from \"c:\\\\meghna\\\\Coding\\\\proj\\\\RedditGapFinder\\\\dataconnect\": could not find dataconnect.yaml in `c:\\meghna\\Coding\\proj\\RedditGapFinder\\dataconnect`\n"}}
[debug] [2026-05-19T07:12:08.924Z] E0519 12:42:08.923531    5652 watch.go:40] Failed to load config from "c:\\meghna\\Coding\\proj\\RedditGapFinder\\dataconnect": could not find dataconnect.yaml in `c:\meghna\Coding\proj\RedditGapFinder\dataconnect`
 {"metadata":{"emulator":{"name":"dataconnect"},"message":"E0519 12:42:08.923531    5652 watch.go:40] Failed to load config from \"c:\\\\meghna\\\\Coding\\\\proj\\\\RedditGapFinder\\\\dataconnect\": could not find dataconnect.yaml in `c:\\meghna\\Coding\\proj\\RedditGapFinder\\dataconnect`\n"}}
[debug] [2026-05-19T07:12:18.924Z] E0519 12:42:18.923287    5652 watch.go:40] Failed to load config from "c:\\meghna\\Coding\\proj\\RedditGapFinder\\dataconnect": could not find dataconnect.yaml in `c:\meghna\Coding\proj\RedditGapFinder\dataconnect`
 {"metadata":{"emulator":{"name":"dataconnect"},"message":"E0519 12:42:18.923287    5652 watch.go:40] Failed to load config from \"c:\\\\meghna\\\\Coding\\\\proj\\\\RedditGapFinder\\\\dataconnect\": could not find dataconnect.yaml in `c:\\meghna\\Coding\\proj\\RedditGapFinder\\dataconnect`\n"}}
[debug] [2026-05-19T07:12:28.924Z] E0519 12:42:28.924024    5652 watch.go:40] Failed to load config from "c:\\meghna\\Coding\\proj\\RedditGapFinder\\dataconnect": could not find dataconnect.yaml in `c:\meghna\Coding\proj\RedditGapFinder\dataconnect`
 {"metadata":{"emulator":{"name":"dataconnect"},"message":"E0519 12:42:28.924024    5652 watch.go:40] Failed to load config from \"c:\\\\meghna\\\\Coding\\\\proj\\\\RedditGapFinder\\\\dataconnect\": could not find dataconnect.yaml in `c:\\meghna\\Coding\\proj\\RedditGapFinder\\dataconnect`\n"}}
[debug] [2026-05-19T07:12:38.923Z] E0519 12:42:38.923537    5652 watch.go:40] Failed to load config from "c:\\meghna\\Coding\\proj\\RedditGapFinder\\dataconnect": could not find dataconnect.yaml in `c:\meghna\Coding\proj\RedditGapFinder\dataconnect`
 {"metadata":{"emulator":{"name":"dataconnect"},"message":"E0519 12:42:38.923537    5652 watch.go:40] Failed to load config from \"c:\\\\meghna\\\\Coding\\\\proj\\\\RedditGapFinder\\\\dataconnect\": could not find dataconnect.yaml in `c:\\meghna\\Coding\\proj\\RedditGapFinder\\dataconnect`\n"}}
[debug] [2026-05-19T07:12:48.925Z] E0519 12:42:48.924078    5652 watch.go:40] Failed to load config from "c:\\meghna\\Coding\\proj\\RedditGapFinder\\dataconnect": could not find dataconnect.yaml in `c:\meghna\Coding\proj\RedditGapFinder\dataconnect`
 {"metadata":{"emulator":{"name":"dataconnect"},"message":"E0519 12:42:48.924078    5652 watch.go:40] Failed to load config from \"c:\\\\meghna\\\\Coding\\\\proj\\\\RedditGapFinder\\\\dataconnect\": could not find dataconnect.yaml in `c:\\meghna\\Coding\\proj\\RedditGapFinder\\dataconnect`\n"}}
[debug] [2026-05-19T07:12:58.924Z] E0519 12:42:58.924061    5652 watch.go:116] watchAllDir unable to walk dir `c:\meghna\Coding\proj\RedditGapFinder\dataconnect`: GetFileAttributesEx c:\meghna\Coding\proj\RedditGapFinder\dataconnect: The system cannot find the file specified.
E0519 12:42:58.924061    5652 watch.go:40] Failed to load config from "c:\\meghna\\Coding\\proj\\RedditGapFinder\\dataconnect": could not find dataconnect.yaml in `c:\meghna\Coding\proj\RedditGapFinder\dataconnect`
 {"metadata":{"emulator":{"name":"dataconnect"},"message":"E0519 12:42:58.924061    5652 watch.go:116] watchAllDir unable to walk dir `c:\\meghna\\Coding\\proj\\RedditGapFinder\\dataconnect`: GetFileAttributesEx c:\\meghna\\Coding\\proj\\RedditGapFinder\\dataconnect: The system cannot find the file specified.\nE0519 12:42:58.924061    5652 watch.go:40] Failed to load config from \"c:\\\\meghna\\\\Coding\\\\proj\\\\RedditGapFinder\\\\dataconnect\": could not find dataconnect.yaml in `c:\\meghna\\Coding\\proj\\RedditGapFinder\\dataconnect`\n"}}
[debug] [2026-05-19T07:13:08.925Z] E0519 12:43:08.925257    5652 watch.go:40] Failed to load config from "c:\\meghna\\Coding\\proj\\RedditGapFinder\\dataconnect": could not find dataconnect.yaml in `c:\meghna\Coding\proj\RedditGapFinder\dataconnect`
 {"metadata":{"emulator":{"name":"dataconnect"},"message":"E0519 12:43:08.925257    5652 watch.go:40] Failed to load config from \"c:\\\\meghna\\\\Coding\\\\proj\\\\RedditGapFinder\\\\dataconnect\": could not find dataconnect.yaml in `c:\\meghna\\Coding\\proj\\RedditGapFinder\\dataconnect`\n"}}
[debug] [2026-05-19T07:13:18.925Z] E0519 12:43:18.924827    5652 watch.go:40] Failed to load config from "c:\\meghna\\Coding\\proj\\RedditGapFinder\\dataconnect": could not find dataconnect.yaml in `c:\meghna\Coding\proj\RedditGapFinder\dataconnect`
 {"metadata":{"emulator":{"name":"dataconnect"},"message":"E0519 12:43:18.924827    5652 watch.go:40] Failed to load config from \"c:\\\\meghna\\\\Coding\\\\proj\\\\RedditGapFinder\\\\dataconnect\": could not find dataconnect.yaml in `c:\\meghna\\Coding\\proj\\RedditGapFinder\\dataconnect`\n"}}
[debug] [2026-05-19T07:13:28.923Z] E0519 12:43:28.923433    5652 watch.go:40] Failed to load config from "c:\\meghna\\Coding\\proj\\RedditGapFinder\\dataconnect": could not find dataconnect.yaml in `c:\meghna\Coding\proj\RedditGapFinder\dataconnect`
 {"metadata":{"emulator":{"name":"dataconnect"},"message":"E0519 12:43:28.923433    5652 watch.go:40] Failed to load config from \"c:\\\\meghna\\\\Coding\\\\proj\\\\RedditGapFinder\\\\dataconnect\": could not find dataconnect.yaml in `c:\\meghna\\Coding\\proj\\RedditGapFinder\\dataconnect`\n"}}
[debug] [2026-05-19T07:13:38.924Z] E0519 12:43:38.923283    5652 watch.go:40] Failed to load config from "c:\\meghna\\Coding\\proj\\RedditGapFinder\\dataconnect": could not find dataconnect.yaml in `c:\meghna\Coding\proj\RedditGapFinder\dataconnect`
 {"metadata":{"emulator":{"name":"dataconnect"},"message":"E0519 12:43:38.923283    5652 watch.go:40] Failed to load config from \"c:\\\\meghna\\\\Coding\\\\proj\\\\RedditGapFinder\\\\dataconnect\": could not find dataconnect.yaml in `c:\\meghna\\Coding\\proj\\RedditGapFinder\\dataconnect`\n"}}
[debug] [2026-05-19T07:13:48.924Z] E0519 12:43:48.923813    5652 watch.go:40] Failed to load config from "c:\\meghna\\Coding\\proj\\RedditGapFinder\\dataconnect": could not find dataconnect.yaml in `c:\meghna\Coding\proj\RedditGapFinder\dataconnect`
 {"metadata":{"emulator":{"name":"dataconnect"},"message":"E0519 12:43:48.923813    5652 watch.go:40] Failed to load config from \"c:\\\\meghna\\\\Coding\\\\proj\\\\RedditGapFinder\\\\dataconnect\": could not find dataconnect.yaml in `c:\\meghna\\Coding\\proj\\RedditGapFinder\\dataconnect`\n"}}
[debug] [2026-05-19T07:13:58.924Z] E0519 12:43:58.923407    5652 watch.go:116] watchAllDir unable to walk dir `c:\meghna\Coding\proj\RedditGapFinder\dataconnect`: GetFileAttributesEx c:\meghna\Coding\proj\RedditGapFinder\dataconnect: The system cannot find the file specified.
 {"metadata":{"emulator":{"name":"dataconnect"},"message":"E0519 12:43:58.923407    5652 watch.go:116] watchAllDir unable to walk dir `c:\\meghna\\Coding\\proj\\RedditGapFinder\\dataconnect`: GetFileAttributesEx c:\\meghna\\Coding\\proj\\RedditGapFinder\\dataconnect: The system cannot find the file specified.\n"}}
[debug] [2026-05-19T07:13:58.929Z] E0519 12:43:58.927947    5652 watch.go:40] Failed to load config from "c:\\meghna\\Coding\\proj\\RedditGapFinder\\dataconnect": could not find dataconnect.yaml in `c:\meghna\Coding\proj\RedditGapFinder\dataconnect`
 {"metadata":{"emulator":{"name":"dataconnect"},"message":"E0519 12:43:58.927947    5652 watch.go:40] Failed to load config from \"c:\\\\meghna\\\\Coding\\\\proj\\\\RedditGapFinder\\\\dataconnect\": could not find dataconnect.yaml in `c:\\meghna\\Coding\\proj\\RedditGapFinder\\dataconnect`\n"}}
[debug] [2026-05-19T07:14:08.925Z] E0519 12:44:08.924205    5652 watch.go:40] Failed to load config from "c:\\meghna\\Coding\\proj\\RedditGapFinder\\dataconnect": could not find dataconnect.yaml in `c:\meghna\Coding\proj\RedditGapFinder\dataconnect`
 {"metadata":{"emulator":{"name":"dataconnect"},"message":"E0519 12:44:08.924205    5652 watch.go:40] Failed to load config from \"c:\\\\meghna\\\\Coding\\\\proj\\\\RedditGapFinder\\\\dataconnect\": could not find dataconnect.yaml in `c:\\meghna\\Coding\\proj\\RedditGapFinder\\dataconnect`\n"}}
[debug] [2026-05-19T07:14:18.927Z] E0519 12:44:18.925837    5652 watch.go:40] Failed to load config from "c:\\meghna\\Coding\\proj\\RedditGapFinder\\dataconnect": could not find dataconnect.yaml in `c:\meghna\Coding\proj\RedditGapFinder\dataconnect`
 {"metadata":{"emulator":{"name":"dataconnect"},"message":"E0519 12:44:18.925837    5652 watch.go:40] Failed to load config from \"c:\\\\meghna\\\\Coding\\\\proj\\\\RedditGapFinder\\\\dataconnect\": could not find dataconnect.yaml in `c:\\meghna\\Coding\\proj\\RedditGapFinder\\dataconnect`\n"}}
[debug] [2026-05-19T07:14:28.925Z] E0519 12:44:28.924878    5652 watch.go:40] Failed to load config from "c:\\meghna\\Coding\\proj\\RedditGapFinder\\dataconnect": could not find dataconnect.yaml in `c:\meghna\Coding\proj\RedditGapFinder\dataconnect`
 {"metadata":{"emulator":{"name":"dataconnect"},"message":"E0519 12:44:28.924878    5652 watch.go:40] Failed to load config from \"c:\\\\meghna\\\\Coding\\\\proj\\\\RedditGapFinder\\\\dataconnect\": could not find dataconnect.yaml in `c:\\meghna\\Coding\\proj\\RedditGapFinder\\dataconnect`\n"}}
[debug] [2026-05-19T07:14:38.926Z] E0519 12:44:38.925281    5652 watch.go:40] Failed to load config from "c:\\meghna\\Coding\\proj\\RedditGapFinder\\dataconnect": could not find dataconnect.yaml in `c:\meghna\Coding\proj\RedditGapFinder\dataconnect`
 {"metadata":{"emulator":{"name":"dataconnect"},"message":"E0519 12:44:38.925281    5652 watch.go:40] Failed to load config from \"c:\\\\meghna\\\\Coding\\\\proj\\\\RedditGapFinder\\\\dataconnect\": could not find dataconnect.yaml in `c:\\meghna\\Coding\\proj\\RedditGapFinder\\dataconnect`\n"}}
[debug] [2026-05-19T07:14:48.924Z] E0519 12:44:48.923767    5652 watch.go:40] Failed to load config from "c:\\meghna\\Coding\\proj\\RedditGapFinder\\dataconnect": could not find dataconnect.yaml in `c:\meghna\Coding\proj\RedditGapFinder\dataconnect`
 {"metadata":{"emulator":{"name":"dataconnect"},"message":"E0519 12:44:48.923767    5652 watch.go:40] Failed to load config from \"c:\\\\meghna\\\\Coding\\\\proj\\\\RedditGapFinder\\\\dataconnect\": could not find dataconnect.yaml in `c:\\meghna\\Coding\\proj\\RedditGapFinder\\dataconnect`\n"}}
[debug] [2026-05-19T07:14:58.923Z] E0519 12:44:58.923241    5652 watch.go:116] watchAllDir unable to walk dir `c:\meghna\Coding\proj\RedditGapFinder\dataconnect`: GetFileAttributesEx c:\meghna\Coding\proj\RedditGapFinder\dataconnect: The system cannot find the file specified.
 {"metadata":{"emulator":{"name":"dataconnect"},"message":"E0519 12:44:58.923241    5652 watch.go:116] watchAllDir unable to walk dir `c:\\meghna\\Coding\\proj\\RedditGapFinder\\dataconnect`: GetFileAttributesEx c:\\meghna\\Coding\\proj\\RedditGapFinder\\dataconnect: The system cannot find the file specified.\n"}}
[debug] [2026-05-19T07:14:58.924Z] E0519 12:44:58.923241    5652 watch.go:40] Failed to load config from "c:\\meghna\\Coding\\proj\\RedditGapFinder\\dataconnect": could not find dataconnect.yaml in `c:\meghna\Coding\proj\RedditGapFinder\dataconnect`
 {"metadata":{"emulator":{"name":"dataconnect"},"message":"E0519 12:44:58.923241    5652 watch.go:40] Failed to load config from \"c:\\\\meghna\\\\Coding\\\\proj\\\\RedditGapFinder\\\\dataconnect\": could not find dataconnect.yaml in `c:\\meghna\\Coding\\proj\\RedditGapFinder\\dataconnect`\n"}}
[debug] [2026-05-19T07:15:08.924Z] E0519 12:45:08.924389    5652 watch.go:40] Failed to load config from "c:\\meghna\\Coding\\proj\\RedditGapFinder\\dataconnect": could not find dataconnect.yaml in `c:\meghna\Coding\proj\RedditGapFinder\dataconnect`
 {"metadata":{"emulator":{"name":"dataconnect"},"message":"E0519 12:45:08.924389    5652 watch.go:40] Failed to load config from \"c:\\\\meghna\\\\Coding\\\\proj\\\\RedditGapFinder\\\\dataconnect\": could not find dataconnect.yaml in `c:\\meghna\\Coding\\proj\\RedditGapFinder\\dataconnect`\n"}}
[debug] [2026-05-19T07:15:18.929Z] E0519 12:45:18.928727    5652 watch.go:40] Failed to load config from "c:\\meghna\\Coding\\proj\\RedditGapFinder\\dataconnect": could not find dataconnect.yaml in `c:\meghna\Coding\proj\RedditGapFinder\dataconnect`
 {"metadata":{"emulator":{"name":"dataconnect"},"message":"E0519 12:45:18.928727    5652 watch.go:40] Failed to load config from \"c:\\\\meghna\\\\Coding\\\\proj\\\\RedditGapFinder\\\\dataconnect\": could not find dataconnect.yaml in `c:\\meghna\\Coding\\proj\\RedditGapFinder\\dataconnect`\n"}}
[debug] [2026-05-19T07:15:28.927Z] E0519 12:45:28.926465    5652 watch.go:40] Failed to load config from "c:\\meghna\\Coding\\proj\\RedditGapFinder\\dataconnect": could not find dataconnect.yaml in `c:\meghna\Coding\proj\RedditGapFinder\dataconnect`
 {"metadata":{"emulator":{"name":"dataconnect"},"message":"E0519 12:45:28.926465    5652 watch.go:40] Failed to load config from \"c:\\\\meghna\\\\Coding\\\\proj\\\\RedditGapFinder\\\\dataconnect\": could not find dataconnect.yaml in `c:\\meghna\\Coding\\proj\\RedditGapFinder\\dataconnect`\n"}}
[debug] [2026-05-19T07:15:38.924Z] E0519 12:45:38.923834    5652 watch.go:40] Failed to load config from "c:\\meghna\\Coding\\proj\\RedditGapFinder\\dataconnect": could not find dataconnect.yaml in `c:\meghna\Coding\proj\RedditGapFinder\dataconnect`
 {"metadata":{"emulator":{"name":"dataconnect"},"message":"E0519 12:45:38.923834    5652 watch.go:40] Failed to load config from \"c:\\\\meghna\\\\Coding\\\\proj\\\\RedditGapFinder\\\\dataconnect\": could not find dataconnect.yaml in `c:\\meghna\\Coding\\proj\\RedditGapFinder\\dataconnect`\n"}}
[debug] [2026-05-19T07:15:48.925Z] E0519 12:45:48.924740    5652 watch.go:40] Failed to load config from "c:\\meghna\\Coding\\proj\\RedditGapFinder\\dataconnect": could not find dataconnect.yaml in `c:\meghna\Coding\proj\RedditGapFinder\dataconnect`
 {"metadata":{"emulator":{"name":"dataconnect"},"message":"E0519 12:45:48.924740    5652 watch.go:40] Failed to load config from \"c:\\\\meghna\\\\Coding\\\\proj\\\\RedditGapFinder\\\\dataconnect\": could not find dataconnect.yaml in `c:\\meghna\\Coding\\proj\\RedditGapFinder\\dataconnect`\n"}}
[debug] [2026-05-19T07:15:58.932Z] E0519 12:45:58.930983    5652 watch.go:40] Failed to load config from "c:\\meghna\\Coding\\proj\\RedditGapFinder\\dataconnect": could not find dataconnect.yaml in `c:\meghna\Coding\proj\RedditGapFinder\dataconnect`
 {"metadata":{"emulator":{"name":"dataconnect"},"message":"E0519 12:45:58.930983    5652 watch.go:40] Failed to load config from \"c:\\\\meghna\\\\Coding\\\\proj\\\\RedditGapFinder\\\\dataconnect\": could not find dataconnect.yaml in `c:\\meghna\\Coding\\proj\\RedditGapFinder\\dataconnect`\n"}}
[debug] [2026-05-19T07:15:58.940Z] E0519 12:45:58.928054    5652 watch.go:116] watchAllDir unable to walk dir `c:\meghna\Coding\proj\RedditGapFinder\dataconnect`: GetFileAttributesEx c:\meghna\Coding\proj\RedditGapFinder\dataconnect: The system cannot find the file specified.
 {"metadata":{"emulator":{"name":"dataconnect"},"message":"E0519 12:45:58.928054    5652 watch.go:116] watchAllDir unable to walk dir `c:\\meghna\\Coding\\proj\\RedditGapFinder\\dataconnect`: GetFileAttributesEx c:\\meghna\\Coding\\proj\\RedditGapFinder\\dataconnect: The system cannot find the file specified.\n"}}
[debug] [2026-05-19T07:16:08.927Z] E0519 12:46:08.925155    5652 watch.go:40] Failed to load config from "c:\\meghna\\Coding\\proj\\RedditGapFinder\\dataconnect": could not find dataconnect.yaml in `c:\meghna\Coding\proj\RedditGapFinder\dataconnect`
 {"metadata":{"emulator":{"name":"dataconnect"},"message":"E0519 12:46:08.925155    5652 watch.go:40] Failed to load config from \"c:\\\\meghna\\\\Coding\\\\proj\\\\RedditGapFinder\\\\dataconnect\": could not find dataconnect.yaml in `c:\\meghna\\Coding\\proj\\RedditGapFinder\\dataconnect`\n"}}
[debug] [2026-05-19T07:16:18.925Z] E0519 12:46:18.924328    5652 watch.go:40] Failed to load config from "c:\\meghna\\Coding\\proj\\RedditGapFinder\\dataconnect": could not find dataconnect.yaml in `c:\meghna\Coding\proj\RedditGapFinder\dataconnect`
 {"metadata":{"emulator":{"name":"dataconnect"},"message":"E0519 12:46:18.924328    5652 watch.go:40] Failed to load config from \"c:\\\\meghna\\\\Coding\\\\proj\\\\RedditGapFinder\\\\dataconnect\": could not find dataconnect.yaml in `c:\\meghna\\Coding\\proj\\RedditGapFinder\\dataconnect`\n"}}
[debug] [2026-05-19T07:16:28.925Z] E0519 12:46:28.924351    5652 watch.go:40] Failed to load config from "c:\\meghna\\Coding\\proj\\RedditGapFinder\\dataconnect": could not find dataconnect.yaml in `c:\meghna\Coding\proj\RedditGapFinder\dataconnect`
 {"metadata":{"emulator":{"name":"dataconnect"},"message":"E0519 12:46:28.924351    5652 watch.go:40] Failed to load config from \"c:\\\\meghna\\\\Coding\\\\proj\\\\RedditGapFinder\\\\dataconnect\": could not find dataconnect.yaml in `c:\\meghna\\Coding\\proj\\RedditGapFinder\\dataconnect`\n"}}
[debug] [2026-05-19T07:16:38.925Z] E0519 12:46:38.924266    5652 watch.go:40] Failed to load config from "c:\\meghna\\Coding\\proj\\RedditGapFinder\\dataconnect": could not find dataconnect.yaml in `c:\meghna\Coding\proj\RedditGapFinder\dataconnect`
 {"metadata":{"emulator":{"name":"dataconnect"},"message":"E0519 12:46:38.924266    5652 watch.go:40] Failed to load config from \"c:\\\\meghna\\\\Coding\\\\proj\\\\RedditGapFinder\\\\dataconnect\": could not find dataconnect.yaml in `c:\\meghna\\Coding\\proj\\RedditGapFinder\\dataconnect`\n"}}
[debug] [2026-05-19T07:16:48.924Z] E0519 12:46:48.923719    5652 watch.go:40] Failed to load config from "c:\\meghna\\Coding\\proj\\RedditGapFinder\\dataconnect": could not find dataconnect.yaml in `c:\meghna\Coding\proj\RedditGapFinder\dataconnect`
 {"metadata":{"emulator":{"name":"dataconnect"},"message":"E0519 12:46:48.923719    5652 watch.go:40] Failed to load config from \"c:\\\\meghna\\\\Coding\\\\proj\\\\RedditGapFinder\\\\dataconnect\": could not find dataconnect.yaml in `c:\\meghna\\Coding\\proj\\RedditGapFinder\\dataconnect`\n"}}
[debug] [2026-05-19T07:16:58.924Z] E0519 12:46:58.923578    5652 watch.go:116] watchAllDir unable to walk dir `c:\meghna\Coding\proj\RedditGapFinder\dataconnect`: GetFileAttributesEx c:\meghna\Coding\proj\RedditGapFinder\dataconnect: The system cannot find the file specified.
E0519 12:46:58.924114    5652 watch.go:40] Failed to load config from "c:\\meghna\\Coding\\proj\\RedditGapFinder\\dataconnect": could not find dataconnect.yaml in `c:\meghna\Coding\proj\RedditGapFinder\dataconnect`
 {"metadata":{"emulator":{"name":"dataconnect"},"message":"E0519 12:46:58.923578    5652 watch.go:116] watchAllDir unable to walk dir `c:\\meghna\\Coding\\proj\\RedditGapFinder\\dataconnect`: GetFileAttributesEx c:\\meghna\\Coding\\proj\\RedditGapFinder\\dataconnect: The system cannot find the file specified.\nE0519 12:46:58.924114    5652 watch.go:40] Failed to load config from \"c:\\\\meghna\\\\Coding\\\\proj\\\\RedditGapFinder\\\\dataconnect\": could not find dataconnect.yaml in `c:\\meghna\\Coding\\proj\\RedditGapFinder\\dataconnect`\n"}}
[debug] [2026-05-19T07:17:08.931Z] E0519 12:47:08.928237    5652 watch.go:40] Failed to load config from "c:\\meghna\\Coding\\proj\\RedditGapFinder\\dataconnect": could not find dataconnect.yaml in `c:\meghna\Coding\proj\RedditGapFinder\dataconnect`
 {"metadata":{"emulator":{"name":"dataconnect"},"message":"E0519 12:47:08.928237    5652 watch.go:40] Failed to load config from \"c:\\\\meghna\\\\Coding\\\\proj\\\\RedditGapFinder\\\\dataconnect\": could not find dataconnect.yaml in `c:\\meghna\\Coding\\proj\\RedditGapFinder\\dataconnect`\n"}}
[info] [Firebase Plugin] Stopping SQL Connect toolkit
[warn] !  SQL Connect Emulator has exited upon receiving signal: SIGINT 
[debug] [2026-05-19T14:00:22.751Z] [Firebase Plugin] Activating Firebase extension.
[debug] [2026-05-19T14:01:09.478Z] [Firebase Plugin] requireAuthWrapper
[debug] [2026-05-19T14:01:09.484Z] > command requires scopes: ["email","openid","https://www.googleapis.com/auth/cloudplatformprojects.readonly","https://www.googleapis.com/auth/firebase","https://www.googleapis.com/auth/cloud-platform"]
[debug] [2026-05-19T14:01:09.485Z] > authorizing via signed-in user (meghanasingareddy@gmail.com)
[debug] [2026-05-19T14:01:09.492Z] Checked if tokens are valid: true, expires at: 1779202815113
[debug] [2026-05-19T14:01:09.492Z] Checked if tokens are valid: true, expires at: 1779202815113
[debug] [2026-05-19T14:01:09.493Z] [Firebase Plugin] User found:  meghanasingareddy@gmail.com
[info] [Firebase Plugin] (Core:Project) New user detected, fetching projects
[debug] [2026-05-19T14:01:09.497Z] Checked if tokens are valid: true, expires at: 1779202815113
[debug] [2026-05-19T14:01:09.500Z] >>> [apiv2][query] GET https://firebase.googleapis.com/v1beta1/projects pageSize=1000
[debug] [2026-05-19T14:01:09.544Z] [Firebase Plugin] VSCode notification server listening on port 40001
[info] [Firebase Plugin] Starting SQL Connect toolkit (version 3.4.6) on port 50001
[debug] [2026-05-19T14:01:10.764Z] 'fdc build' failed with error: Unable to build your SQL Connect schema and connectors (exit code 1): E0519 19:31:10.757495    6664 cmd.go:43] Error loading data connect config: could not find dataconnect.yaml in `c:\meghna\Coding\proj\RedditGapFinder\dataconnect`
 {"metadata":{"emulator":{"name":"dataconnect"},"message":"'fdc build' failed with error: Unable to build your SQL Connect schema and connectors (exit code 1): E0519 19:31:10.757495    6664 cmd.go:43] Error loading data connect config: could not find dataconnect.yaml in `c:\\meghna\\Coding\\proj\\RedditGapFinder\\dataconnect`\n"}}
[debug] [2026-05-19T14:01:10.765Z] Ignoring unsupported arg: auto_download {"metadata":{"emulator":{"name":"dataconnect"},"message":"Ignoring unsupported arg: auto_download"}}
[debug] [2026-05-19T14:01:10.766Z] Ignoring unsupported arg: port {"metadata":{"emulator":{"name":"dataconnect"},"message":"Ignoring unsupported arg: port"}}
[debug] [2026-05-19T14:01:10.766Z] Starting SQL Connect Emulator with command {"binary":"C:\\Users\\megha\\.cache\\firebase\\emulators\\dataconnect-emulator-3.4.6.exe","args":["--logtostderr","-v=2","dev","--listen=localhost:50001","--config_dir=c:\\meghna\\Coding\\proj\\RedditGapFinder\\dataconnect","--enable_output_schema_extensions=true","--enable_output_generated_sdk=true"],"optionalArgs":["listen","config_dir","enable_output_schema_extensions","enable_output_generated_sdk"],"joinArgs":true,"shell":false,"port":9399} {"metadata":{"emulator":{"name":"dataconnect"},"message":"Starting SQL Connect Emulator with command {\"binary\":\"C:\\\\Users\\\\megha\\\\.cache\\\\firebase\\\\emulators\\\\dataconnect-emulator-3.4.6.exe\",\"args\":[\"--logtostderr\",\"-v=2\",\"dev\",\"--listen=localhost:50001\",\"--config_dir=c:\\\\meghna\\\\Coding\\\\proj\\\\RedditGapFinder\\\\dataconnect\",\"--enable_output_schema_extensions=true\",\"--enable_output_generated_sdk=true\"],\"optionalArgs\":[\"listen\",\"config_dir\",\"enable_output_schema_extensions\",\"enable_output_generated_sdk\"],\"joinArgs\":true,\"shell\":false,\"port\":9399}"}}
[info] i  dataconnect: SQL Connect Emulator logging to dataconnect-debug.log {"metadata":{"emulator":{"name":"dataconnect"},"message":"SQL Connect Emulator logging to \u001b[1mdataconnect-debug.log\u001b[22m"}}
[debug] [2026-05-19T14:01:10.840Z] E0519 19:31:10.839730   24252 dev.go:83] Failed to load initial config from "c:\\meghna\\Coding\\proj\\RedditGapFinder\\dataconnect": could not find dataconnect.yaml in `c:\meghna\Coding\proj\RedditGapFinder\dataconnect`
E0519 19:31:10.840263   24252 watch.go:116] watchAllDir unable to walk dir `c:\meghna\Coding\proj\RedditGapFinder\dataconnect`: GetFileAttributesEx c:\meghna\Coding\proj\RedditGapFinder\dataconnect: The system cannot find the file specified.
 {"metadata":{"emulator":{"name":"dataconnect"},"message":"E0519 19:31:10.839730   24252 dev.go:83] Failed to load initial config from \"c:\\\\meghna\\\\Coding\\\\proj\\\\RedditGapFinder\\\\dataconnect\": could not find dataconnect.yaml in `c:\\meghna\\Coding\\proj\\RedditGapFinder\\dataconnect`\nE0519 19:31:10.840263   24252 watch.go:116] watchAllDir unable to walk dir `c:\\meghna\\Coding\\proj\\RedditGapFinder\\dataconnect`: GetFileAttributesEx c:\\meghna\\Coding\\proj\\RedditGapFinder\\dataconnect: The system cannot find the file specified.\n"}}
[debug] [2026-05-19T14:01:10.842Z] <<< [apiv2][status] GET https://firebase.googleapis.com/v1beta1/projects 200
[debug] [2026-05-19T14:01:10.842Z] <<< [apiv2][body] GET https://firebase.googleapis.com/v1beta1/projects [omitted]
[debug] [2026-05-19T14:01:10.864Z] I0519 19:31:10.864594   24252 dev.go:104] Listening on address (HTTP + gRPC): 127.0.0.1:50001
 {"metadata":{"emulator":{"name":"dataconnect"},"message":"I0519 19:31:10.864594   24252 dev.go:104] Listening on address (HTTP + gRPC): 127.0.0.1:50001\n"}}
[error] [Firebase Plugin] error:  {}
[debug] [2026-05-19T14:01:20.843Z] E0519 19:31:20.842402   24252 watch.go:40] Failed to load config from "c:\\meghna\\Coding\\proj\\RedditGapFinder\\dataconnect": could not find dataconnect.yaml in `c:\meghna\Coding\proj\RedditGapFinder\dataconnect`
 {"metadata":{"emulator":{"name":"dataconnect"},"message":"E0519 19:31:20.842402   24252 watch.go:40] Failed to load config from \"c:\\\\meghna\\\\Coding\\\\proj\\\\RedditGapFinder\\\\dataconnect\": could not find dataconnect.yaml in `c:\\meghna\\Coding\\proj\\RedditGapFinder\\dataconnect`\n"}}
